city,state,population,country,date,retail_and_recreation,grocery_and_pharnacy,transit_stations,workplaces,residential
Mumbai,Maharashtra,12442373,India,2020-02-15,-3.0,-1.0,3.0,2.0,0.0
Mumbai,Maharashtra,12442373,India,2020-02-16,0.0,-1.0,2.0,0.0,0.0
Mumbai,Maharashtra,12442373,India,2020-02-17,-2.0,0.0,0.0,1.0,1.0
Mumbai,Maharashtra,12442373,India,2020-02-18,0.0,1.0,2.0,1.0,0.0
Mumbai,Maharashtra,12442373,India,2020-02-19,-1.0,-1.0,-3.0,-12.0,3.0
Mumbai,Maharashtra,12442373,India,2020-02-20,0.0,2.0,2.0,0.0,0.0
Mumbai,Maharashtra,12442373,India,2020-02-21,-7.0,-1.0,-9.0,-22.0,6.0
Mumbai,Maharashtra,12442373,India,2020-02-22,-7.0,-5.0,-4.0,-5.0,2.0
Mumbai,Maharashtra,12442373,India,2020-02-23,-4.0,-4.0,-1.0,3.0,1.0
Mumbai,Maharashtra,12442373,India,2020-02-24,-3.0,-3.0,0.0,2.0,1.0
Mumbai,Maharashtra,12442373,India,2020-02-25,-3.0,-2.0,-1.0,2.0,1.0
Mumbai,Maharashtra,12442373,India,2020-02-26,-1.0,-3.0,2.0,3.0,0.0
Mumbai,Maharashtra,12442373,India,2020-02-27,-2.0,-3.0,-1.0,1.0,1.0
Mumbai,Maharashtra,12442373,India,2020-02-28,-3.0,-1.0,-1.0,4.0,1.0
Mumbai,Maharashtra,12442373,India,2020-02-29,-5.0,0.0,0.0,6.0,1.0
Mumbai,Maharashtra,12442373,India,2020-03-01,-2.0,2.0,-1.0,5.0,1.0
Mumbai,Maharashtra,12442373,India,2020-03-02,-2.0,1.0,0.0,4.0,1.0
Mumbai,Maharashtra,12442373,India,2020-03-03,-1.0,1.0,-1.0,3.0,1.0
Mumbai,Maharashtra,12442373,India,2020-03-04,0.0,3.0,2.0,6.0,0.0
Mumbai,Maharashtra,12442373,India,2020-03-05,-1.0,3.0,0.0,4.0,1.0
Mumbai,Maharashtra,12442373,India,2020-03-06,0.0,4.0,1.0,5.0,1.0
Mumbai,Maharashtra,12442373,India,2020-03-07,-2.0,5.0,3.0,4.0,1.0
Mumbai,Maharashtra,12442373,India,2020-03-08,1.0,4.0,-2.0,6.0,1.0
Mumbai,Maharashtra,12442373,India,2020-03-09,-1.0,6.0,-4.0,-4.0,2.0
Mumbai,Maharashtra,12442373,India,2020-03-10,-17.0,-21.0,-32.0,-60.0,18.0
Mumbai,Maharashtra,12442373,India,2020-03-11,-5.0,0.0,0.0,0.0,0.0
Mumbai,Maharashtra,12442373,India,2020-03-12,-6.0,1.0,-3.0,-1.0,1.0
Mumbai,Maharashtra,12442373,India,2020-03-13,-9.0,1.0,-7.0,-2.0,3.0
Mumbai,Maharashtra,12442373,India,2020-03-14,-14.0,3.0,-9.0,-5.0,5.0
Mumbai,Maharashtra,12442373,India,2020-03-15,-17.0,-1.0,-11.0,1.0,4.0
Mumbai,Maharashtra,12442373,India,2020-03-16,-12.0,1.0,-10.0,-8.0,5.0
Mumbai,Maharashtra,12442373,India,2020-03-17,-18.0,0.0,-15.0,-14.0,7.0
Mumbai,Maharashtra,12442373,India,2020-03-18,-22.0,-5.0,-19.0,-18.0,8.0
Mumbai,Maharashtra,12442373,India,2020-03-19,-28.0,-8.0,-26.0,-24.0,10.0
Mumbai,Maharashtra,12442373,India,2020-03-20,-41.0,-12.0,-33.0,-31.0,14.0
Mumbai,Maharashtra,12442373,India,2020-03-21,-60.0,-26.0,-45.0,-43.0,17.0
Mumbai,Maharashtra,12442373,India,2020-03-22,-86.0,-84.0,-78.0,-62.0,26.0
Mumbai,Maharashtra,12442373,India,2020-03-23,-69.0,-39.0,-69.0,-69.0,29.0
Mumbai,Maharashtra,12442373,India,2020-03-24,-76.0,-50.0,-76.0,-77.0,34.0
Mumbai,Maharashtra,12442373,India,2020-03-25,-82.0,-67.0,-81.0,-81.0,37.0
Mumbai,Maharashtra,12442373,India,2020-03-26,-80.0,-63.0,-79.0,-78.0,36.0
Mumbai,Maharashtra,12442373,India,2020-03-27,-80.0,-62.0,-79.0,-77.0,36.0
Mumbai,Maharashtra,12442373,India,2020-03-28,-82.0,-66.0,-79.0,-74.0,34.0
Mumbai,Maharashtra,12442373,India,2020-03-29,-82.0,-68.0,-77.0,-57.0,25.0
Mumbai,Maharashtra,12442373,India,2020-03-30,-79.0,-63.0,-79.0,-76.0,35.0
Mumbai,Maharashtra,12442373,India,2020-03-31,-80.0,-64.0,-80.0,-76.0,35.0
Mumbai,Maharashtra,12442373,India,2020-04-01,-80.0,-65.0,-80.0,-77.0,35.0
Mumbai,Maharashtra,12442373,India,2020-04-02,-81.0,-66.0,-81.0,-79.0,37.0
Mumbai,Maharashtra,12442373,India,2020-04-03,-80.0,-64.0,-80.0,-76.0,36.0
Mumbai,Maharashtra,12442373,India,2020-04-04,-82.0,-66.0,-79.0,-71.0,34.0
Mumbai,Maharashtra,12442373,India,2020-04-05,-82.0,-68.0,-78.0,-55.0,25.0
Mumbai,Maharashtra,12442373,India,2020-04-06,-80.0,-64.0,-80.0,-78.0,36.0
Mumbai,Maharashtra,12442373,India,2020-04-07,-82.0,-54.0,-76.0,-76.0,35.0
Mumbai,Maharashtra,12442373,India,2020-04-08,-83.0,-57.0,-76.0,-76.0,35.0
Mumbai,Maharashtra,12442373,India,2020-04-09,-83.0,-55.0,-77.0,-77.0,37.0
Mumbai,Maharashtra,12442373,India,2020-04-10,-83.0,-56.0,-78.0,-79.0,39.0
Mumbai,Maharashtra,12442373,India,2020-04-11,-85.0,-60.0,-77.0,-73.0,36.0
Mumbai,Maharashtra,12442373,India,2020-04-12,-85.0,-63.0,-75.0,-56.0,25.0
Mumbai,Maharashtra,12442373,India,2020-04-13,-82.0,-57.0,-77.0,-75.0,37.0
Mumbai,Maharashtra,12442373,India,2020-04-14,-83.0,-59.0,-78.0,-78.0,37.0
Mumbai,Maharashtra,12442373,India,2020-04-15,-82.0,-53.0,-75.0,-74.0,35.0
Mumbai,Maharashtra,12442373,India,2020-04-16,-87.0,-49.0,-75.0,-75.0,36.0
Mumbai,Maharashtra,12442373,India,2020-04-17,-87.0,-49.0,-75.0,-74.0,37.0
Mumbai,Maharashtra,12442373,India,2020-04-18,-89.0,-56.0,-75.0,-69.0,34.0
Mumbai,Maharashtra,12442373,India,2020-04-19,-89.0,-58.0,-73.0,-53.0,25.0
Mumbai,Maharashtra,12442373,India,2020-04-20,-87.0,-52.0,-75.0,-73.0,36.0
Mumbai,Maharashtra,12442373,India,2020-04-21,-87.0,-52.0,-75.0,-74.0,36.0
Mumbai,Maharashtra,12442373,India,2020-04-22,-87.0,-53.0,-75.0,-74.0,36.0
Mumbai,Maharashtra,12442373,India,2020-04-23,-88.0,-54.0,-76.0,-74.0,37.0
Mumbai,Maharashtra,12442373,India,2020-04-24,-87.0,-51.0,-76.0,-74.0,37.0
Mumbai,Maharashtra,12442373,India,2020-04-25,-89.0,-54.0,-75.0,-70.0,35.0
Mumbai,Maharashtra,12442373,India,2020-04-26,-89.0,-59.0,-74.0,-53.0,26.0
Mumbai,Maharashtra,12442373,India,2020-04-27,-87.0,-53.0,-76.0,-73.0,37.0
Mumbai,Maharashtra,12442373,India,2020-04-28,-87.0,-52.0,-75.0,-74.0,36.0
Mumbai,Maharashtra,12442373,India,2020-04-29,-87.0,-52.0,-74.0,-73.0,36.0
Mumbai,Maharashtra,12442373,India,2020-04-30,-87.0,-52.0,-75.0,-73.0,36.0
Mumbai,Maharashtra,12442373,India,2020-05-01,-87.0,-53.0,-76.0,-77.0,38.0
Mumbai,Maharashtra,12442373,India,2020-05-02,-88.0,-54.0,-74.0,-67.0,34.0
Mumbai,Maharashtra,12442373,India,2020-05-03,-88.0,-57.0,-72.0,-50.0,25.0
Mumbai,Maharashtra,12442373,India,2020-05-04,-84.0,-44.0,-71.0,-70.0,34.0
Mumbai,Maharashtra,12442373,India,2020-05-05,-84.0,-44.0,-70.0,-70.0,34.0
Mumbai,Maharashtra,12442373,India,2020-05-06,-83.0,-41.0,-68.0,-68.0,33.0
Mumbai,Maharashtra,12442373,India,2020-05-07,-83.0,-43.0,-70.0,-71.0,34.0
Mumbai,Maharashtra,12442373,India,2020-05-08,-82.0,-37.0,-68.0,-67.0,34.0
Mumbai,Maharashtra,12442373,India,2020-05-09,-85.0,-44.0,-68.0,-64.0,32.0
Pune,Maharashtra,3124458,India,2020-02-15,-3.0,-1.0,3.0,2.0,0.0
Pune,Maharashtra,3124458,India,2020-02-16,0.0,-1.0,2.0,0.0,0.0
Pune,Maharashtra,3124458,India,2020-02-17,-2.0,0.0,0.0,1.0,1.0
Pune,Maharashtra,3124458,India,2020-02-18,0.0,1.0,2.0,1.0,0.0
Pune,Maharashtra,3124458,India,2020-02-19,-1.0,-1.0,-3.0,-12.0,3.0
Pune,Maharashtra,3124458,India,2020-02-20,0.0,2.0,2.0,0.0,0.0
Pune,Maharashtra,3124458,India,2020-02-21,-7.0,-1.0,-9.0,-22.0,6.0
Pune,Maharashtra,3124458,India,2020-02-22,-7.0,-5.0,-4.0,-5.0,2.0
Pune,Maharashtra,3124458,India,2020-02-23,-4.0,-4.0,-1.0,3.0,1.0
Pune,Maharashtra,3124458,India,2020-02-24,-3.0,-3.0,0.0,2.0,1.0
Pune,Maharashtra,3124458,India,2020-02-25,-3.0,-2.0,-1.0,2.0,1.0
Pune,Maharashtra,3124458,India,2020-02-26,-1.0,-3.0,2.0,3.0,0.0
Pune,Maharashtra,3124458,India,2020-02-27,-2.0,-3.0,-1.0,1.0,1.0
Pune,Maharashtra,3124458,India,2020-02-28,-3.0,-1.0,-1.0,4.0,1.0
Pune,Maharashtra,3124458,India,2020-02-29,-5.0,0.0,0.0,6.0,1.0
Pune,Maharashtra,3124458,India,2020-03-01,-2.0,2.0,-1.0,5.0,1.0
Pune,Maharashtra,3124458,India,2020-03-02,-2.0,1.0,0.0,4.0,1.0
Pune,Maharashtra,3124458,India,2020-03-03,-1.0,1.0,-1.0,3.0,1.0
Pune,Maharashtra,3124458,India,2020-03-04,0.0,3.0,2.0,6.0,0.0
Pune,Maharashtra,3124458,India,2020-03-05,-1.0,3.0,0.0,4.0,1.0
Pune,Maharashtra,3124458,India,2020-03-06,0.0,4.0,1.0,5.0,1.0
Pune,Maharashtra,3124458,India,2020-03-07,-2.0,5.0,3.0,4.0,1.0
Pune,Maharashtra,3124458,India,2020-03-08,1.0,4.0,-2.0,6.0,1.0
Pune,Maharashtra,3124458,India,2020-03-09,-1.0,6.0,-4.0,-4.0,2.0
Pune,Maharashtra,3124458,India,2020-03-10,-17.0,-21.0,-32.0,-60.0,18.0
Pune,Maharashtra,3124458,India,2020-03-11,-5.0,0.0,0.0,0.0,0.0
Pune,Maharashtra,3124458,India,2020-03-12,-6.0,1.0,-3.0,-1.0,1.0
Pune,Maharashtra,3124458,India,2020-03-13,-9.0,1.0,-7.0,-2.0,3.0
Pune,Maharashtra,3124458,India,2020-03-14,-14.0,3.0,-9.0,-5.0,5.0
Pune,Maharashtra,3124458,India,2020-03-15,-17.0,-1.0,-11.0,1.0,4.0
Pune,Maharashtra,3124458,India,2020-03-16,-12.0,1.0,-10.0,-8.0,5.0
Pune,Maharashtra,3124458,India,2020-03-17,-18.0,0.0,-15.0,-14.0,7.0
Pune,Maharashtra,3124458,India,2020-03-18,-22.0,-5.0,-19.0,-18.0,8.0
Pune,Maharashtra,3124458,India,2020-03-19,-28.0,-8.0,-26.0,-24.0,10.0
Pune,Maharashtra,3124458,India,2020-03-20,-41.0,-12.0,-33.0,-31.0,14.0
Pune,Maharashtra,3124458,India,2020-03-21,-60.0,-26.0,-45.0,-43.0,17.0
Pune,Maharashtra,3124458,India,2020-03-22,-86.0,-84.0,-78.0,-62.0,26.0
Pune,Maharashtra,3124458,India,2020-03-23,-69.0,-39.0,-69.0,-69.0,29.0
Pune,Maharashtra,3124458,India,2020-03-24,-76.0,-50.0,-76.0,-77.0,34.0
Pune,Maharashtra,3124458,India,2020-03-25,-82.0,-67.0,-81.0,-81.0,37.0
Pune,Maharashtra,3124458,India,2020-03-26,-80.0,-63.0,-79.0,-78.0,36.0
Pune,Maharashtra,3124458,India,2020-03-27,-80.0,-62.0,-79.0,-77.0,36.0
Pune,Maharashtra,3124458,India,2020-03-28,-82.0,-66.0,-79.0,-74.0,34.0
Pune,Maharashtra,3124458,India,2020-03-29,-82.0,-68.0,-77.0,-57.0,25.0
Pune,Maharashtra,3124458,India,2020-03-30,-79.0,-63.0,-79.0,-76.0,35.0
Pune,Maharashtra,3124458,India,2020-03-31,-80.0,-64.0,-80.0,-76.0,35.0
Pune,Maharashtra,3124458,India,2020-04-01,-80.0,-65.0,-80.0,-77.0,35.0
Pune,Maharashtra,3124458,India,2020-04-02,-81.0,-66.0,-81.0,-79.0,37.0
Pune,Maharashtra,3124458,India,2020-04-03,-80.0,-64.0,-80.0,-76.0,36.0
Pune,Maharashtra,3124458,India,2020-04-04,-82.0,-66.0,-79.0,-71.0,34.0
Pune,Maharashtra,3124458,India,2020-04-05,-82.0,-68.0,-78.0,-55.0,25.0
Pune,Maharashtra,3124458,India,2020-04-06,-80.0,-64.0,-80.0,-78.0,36.0
Pune,Maharashtra,3124458,India,2020-04-07,-82.0,-54.0,-76.0,-76.0,35.0
Pune,Maharashtra,3124458,India,2020-04-08,-83.0,-57.0,-76.0,-76.0,35.0
Pune,Maharashtra,3124458,India,2020-04-09,-83.0,-55.0,-77.0,-77.0,37.0
Pune,Maharashtra,3124458,India,2020-04-10,-83.0,-56.0,-78.0,-79.0,39.0
Pune,Maharashtra,3124458,India,2020-04-11,-85.0,-60.0,-77.0,-73.0,36.0
Pune,Maharashtra,3124458,India,2020-04-12,-85.0,-63.0,-75.0,-56.0,25.0
Pune,Maharashtra,3124458,India,2020-04-13,-82.0,-57.0,-77.0,-75.0,37.0
Pune,Maharashtra,3124458,India,2020-04-14,-83.0,-59.0,-78.0,-78.0,37.0
Pune,Maharashtra,3124458,India,2020-04-15,-82.0,-53.0,-75.0,-74.0,35.0
Pune,Maharashtra,3124458,India,2020-04-16,-87.0,-49.0,-75.0,-75.0,36.0
Pune,Maharashtra,3124458,India,2020-04-17,-87.0,-49.0,-75.0,-74.0,37.0
Pune,Maharashtra,3124458,India,2020-04-18,-89.0,-56.0,-75.0,-69.0,34.0
Pune,Maharashtra,3124458,India,2020-04-19,-89.0,-58.0,-73.0,-53.0,25.0
Pune,Maharashtra,3124458,India,2020-04-20,-87.0,-52.0,-75.0,-73.0,36.0
Pune,Maharashtra,3124458,India,2020-04-21,-87.0,-52.0,-75.0,-74.0,36.0
Pune,Maharashtra,3124458,India,2020-04-22,-87.0,-53.0,-75.0,-74.0,36.0
Pune,Maharashtra,3124458,India,2020-04-23,-88.0,-54.0,-76.0,-74.0,37.0
Pune,Maharashtra,3124458,India,2020-04-24,-87.0,-51.0,-76.0,-74.0,37.0
Pune,Maharashtra,3124458,India,2020-04-25,-89.0,-54.0,-75.0,-70.0,35.0
Pune,Maharashtra,3124458,India,2020-04-26,-89.0,-59.0,-74.0,-53.0,26.0
Pune,Maharashtra,3124458,India,2020-04-27,-87.0,-53.0,-76.0,-73.0,37.0
Pune,Maharashtra,3124458,India,2020-04-28,-87.0,-52.0,-75.0,-74.0,36.0
Pune,Maharashtra,3124458,India,2020-04-29,-87.0,-52.0,-74.0,-73.0,36.0
Pune,Maharashtra,3124458,India,2020-04-30,-87.0,-52.0,-75.0,-73.0,36.0
Pune,Maharashtra,3124458,India,2020-05-01,-87.0,-53.0,-76.0,-77.0,38.0
Pune,Maharashtra,3124458,India,2020-05-02,-88.0,-54.0,-74.0,-67.0,34.0
Pune,Maharashtra,3124458,India,2020-05-03,-88.0,-57.0,-72.0,-50.0,25.0
Pune,Maharashtra,3124458,India,2020-05-04,-84.0,-44.0,-71.0,-70.0,34.0
Pune,Maharashtra,3124458,India,2020-05-05,-84.0,-44.0,-70.0,-70.0,34.0
Pune,Maharashtra,3124458,India,2020-05-06,-83.0,-41.0,-68.0,-68.0,33.0
Pune,Maharashtra,3124458,India,2020-05-07,-83.0,-43.0,-70.0,-71.0,34.0
Pune,Maharashtra,3124458,India,2020-05-08,-82.0,-37.0,-68.0,-67.0,34.0
Pune,Maharashtra,3124458,India,2020-05-09,-85.0,-44.0,-68.0,-64.0,32.0
Nagpur,Maharashtra,2405665,India,2020-02-15,-3.0,-1.0,3.0,2.0,0.0
Nagpur,Maharashtra,2405665,India,2020-02-16,0.0,-1.0,2.0,0.0,0.0
Nagpur,Maharashtra,2405665,India,2020-02-17,-2.0,0.0,0.0,1.0,1.0
Nagpur,Maharashtra,2405665,India,2020-02-18,0.0,1.0,2.0,1.0,0.0
Nagpur,Maharashtra,2405665,India,2020-02-19,-1.0,-1.0,-3.0,-12.0,3.0
Nagpur,Maharashtra,2405665,India,2020-02-20,0.0,2.0,2.0,0.0,0.0
Nagpur,Maharashtra,2405665,India,2020-02-21,-7.0,-1.0,-9.0,-22.0,6.0
Nagpur,Maharashtra,2405665,India,2020-02-22,-7.0,-5.0,-4.0,-5.0,2.0
Nagpur,Maharashtra,2405665,India,2020-02-23,-4.0,-4.0,-1.0,3.0,1.0
Nagpur,Maharashtra,2405665,India,2020-02-24,-3.0,-3.0,0.0,2.0,1.0
Nagpur,Maharashtra,2405665,India,2020-02-25,-3.0,-2.0,-1.0,2.0,1.0
Nagpur,Maharashtra,2405665,India,2020-02-26,-1.0,-3.0,2.0,3.0,0.0
Nagpur,Maharashtra,2405665,India,2020-02-27,-2.0,-3.0,-1.0,1.0,1.0
Nagpur,Maharashtra,2405665,India,2020-02-28,-3.0,-1.0,-1.0,4.0,1.0
Nagpur,Maharashtra,2405665,India,2020-02-29,-5.0,0.0,0.0,6.0,1.0
Nagpur,Maharashtra,2405665,India,2020-03-01,-2.0,2.0,-1.0,5.0,1.0
Nagpur,Maharashtra,2405665,India,2020-03-02,-2.0,1.0,0.0,4.0,1.0
Nagpur,Maharashtra,2405665,India,2020-03-03,-1.0,1.0,-1.0,3.0,1.0
Nagpur,Maharashtra,2405665,India,2020-03-04,0.0,3.0,2.0,6.0,0.0
Nagpur,Maharashtra,2405665,India,2020-03-05,-1.0,3.0,0.0,4.0,1.0
Nagpur,Maharashtra,2405665,India,2020-03-06,0.0,4.0,1.0,5.0,1.0
Nagpur,Maharashtra,2405665,India,2020-03-07,-2.0,5.0,3.0,4.0,1.0
Nagpur,Maharashtra,2405665,India,2020-03-08,1.0,4.0,-2.0,6.0,1.0
Nagpur,Maharashtra,2405665,India,2020-03-09,-1.0,6.0,-4.0,-4.0,2.0
Nagpur,Maharashtra,2405665,India,2020-03-10,-17.0,-21.0,-32.0,-60.0,18.0
Nagpur,Maharashtra,2405665,India,2020-03-11,-5.0,0.0,0.0,0.0,0.0
Nagpur,Maharashtra,2405665,India,2020-03-12,-6.0,1.0,-3.0,-1.0,1.0
Nagpur,Maharashtra,2405665,India,2020-03-13,-9.0,1.0,-7.0,-2.0,3.0
Nagpur,Maharashtra,2405665,India,2020-03-14,-14.0,3.0,-9.0,-5.0,5.0
Nagpur,Maharashtra,2405665,India,2020-03-15,-17.0,-1.0,-11.0,1.0,4.0
Nagpur,Maharashtra,2405665,India,2020-03-16,-12.0,1.0,-10.0,-8.0,5.0
Nagpur,Maharashtra,2405665,India,2020-03-17,-18.0,0.0,-15.0,-14.0,7.0
Nagpur,Maharashtra,2405665,India,2020-03-18,-22.0,-5.0,-19.0,-18.0,8.0
Nagpur,Maharashtra,2405665,India,2020-03-19,-28.0,-8.0,-26.0,-24.0,10.0
Nagpur,Maharashtra,2405665,India,2020-03-20,-41.0,-12.0,-33.0,-31.0,14.0
Nagpur,Maharashtra,2405665,India,2020-03-21,-60.0,-26.0,-45.0,-43.0,17.0
Nagpur,Maharashtra,2405665,India,2020-03-22,-86.0,-84.0,-78.0,-62.0,26.0
Nagpur,Maharashtra,2405665,India,2020-03-23,-69.0,-39.0,-69.0,-69.0,29.0
Nagpur,Maharashtra,2405665,India,2020-03-24,-76.0,-50.0,-76.0,-77.0,34.0
Nagpur,Maharashtra,2405665,India,2020-03-25,-82.0,-67.0,-81.0,-81.0,37.0
Nagpur,Maharashtra,2405665,India,2020-03-26,-80.0,-63.0,-79.0,-78.0,36.0
Nagpur,Maharashtra,2405665,India,2020-03-27,-80.0,-62.0,-79.0,-77.0,36.0
Nagpur,Maharashtra,2405665,India,2020-03-28,-82.0,-66.0,-79.0,-74.0,34.0
Nagpur,Maharashtra,2405665,India,2020-03-29,-82.0,-68.0,-77.0,-57.0,25.0
Nagpur,Maharashtra,2405665,India,2020-03-30,-79.0,-63.0,-79.0,-76.0,35.0
Nagpur,Maharashtra,2405665,India,2020-03-31,-80.0,-64.0,-80.0,-76.0,35.0
Nagpur,Maharashtra,2405665,India,2020-04-01,-80.0,-65.0,-80.0,-77.0,35.0
Nagpur,Maharashtra,2405665,India,2020-04-02,-81.0,-66.0,-81.0,-79.0,37.0
Nagpur,Maharashtra,2405665,India,2020-04-03,-80.0,-64.0,-80.0,-76.0,36.0
Nagpur,Maharashtra,2405665,India,2020-04-04,-82.0,-66.0,-79.0,-71.0,34.0
Nagpur,Maharashtra,2405665,India,2020-04-05,-82.0,-68.0,-78.0,-55.0,25.0
Nagpur,Maharashtra,2405665,India,2020-04-06,-80.0,-64.0,-80.0,-78.0,36.0
Nagpur,Maharashtra,2405665,India,2020-04-07,-82.0,-54.0,-76.0,-76.0,35.0
Nagpur,Maharashtra,2405665,India,2020-04-08,-83.0,-57.0,-76.0,-76.0,35.0
Nagpur,Maharashtra,2405665,India,2020-04-09,-83.0,-55.0,-77.0,-77.0,37.0
Nagpur,Maharashtra,2405665,India,2020-04-10,-83.0,-56.0,-78.0,-79.0,39.0
Nagpur,Maharashtra,2405665,India,2020-04-11,-85.0,-60.0,-77.0,-73.0,36.0
Nagpur,Maharashtra,2405665,India,2020-04-12,-85.0,-63.0,-75.0,-56.0,25.0
Nagpur,Maharashtra,2405665,India,2020-04-13,-82.0,-57.0,-77.0,-75.0,37.0
Nagpur,Maharashtra,2405665,India,2020-04-14,-83.0,-59.0,-78.0,-78.0,37.0
Nagpur,Maharashtra,2405665,India,2020-04-15,-82.0,-53.0,-75.0,-74.0,35.0
Nagpur,Maharashtra,2405665,India,2020-04-16,-87.0,-49.0,-75.0,-75.0,36.0
Nagpur,Maharashtra,2405665,India,2020-04-17,-87.0,-49.0,-75.0,-74.0,37.0
Nagpur,Maharashtra,2405665,India,2020-04-18,-89.0,-56.0,-75.0,-69.0,34.0
Nagpur,Maharashtra,2405665,India,2020-04-19,-89.0,-58.0,-73.0,-53.0,25.0
Nagpur,Maharashtra,2405665,India,2020-04-20,-87.0,-52.0,-75.0,-73.0,36.0
Nagpur,Maharashtra,2405665,India,2020-04-21,-87.0,-52.0,-75.0,-74.0,36.0
Nagpur,Maharashtra,2405665,India,2020-04-22,-87.0,-53.0,-75.0,-74.0,36.0
Nagpur,Maharashtra,2405665,India,2020-04-23,-88.0,-54.0,-76.0,-74.0,37.0
Nagpur,Maharashtra,2405665,India,2020-04-24,-87.0,-51.0,-76.0,-74.0,37.0
Nagpur,Maharashtra,2405665,India,2020-04-25,-89.0,-54.0,-75.0,-70.0,35.0
Nagpur,Maharashtra,2405665,India,2020-04-26,-89.0,-59.0,-74.0,-53.0,26.0
Nagpur,Maharashtra,2405665,India,2020-04-27,-87.0,-53.0,-76.0,-73.0,37.0
Nagpur,Maharashtra,2405665,India,2020-04-28,-87.0,-52.0,-75.0,-74.0,36.0
Nagpur,Maharashtra,2405665,India,2020-04-29,-87.0,-52.0,-74.0,-73.0,36.0
Nagpur,Maharashtra,2405665,India,2020-04-30,-87.0,-52.0,-75.0,-73.0,36.0
Nagpur,Maharashtra,2405665,India,2020-05-01,-87.0,-53.0,-76.0,-77.0,38.0
Nagpur,Maharashtra,2405665,India,2020-05-02,-88.0,-54.0,-74.0,-67.0,34.0
Nagpur,Maharashtra,2405665,India,2020-05-03,-88.0,-57.0,-72.0,-50.0,25.0
Nagpur,Maharashtra,2405665,India,2020-05-04,-84.0,-44.0,-71.0,-70.0,34.0
Nagpur,Maharashtra,2405665,India,2020-05-05,-84.0,-44.0,-70.0,-70.0,34.0
Nagpur,Maharashtra,2405665,India,2020-05-06,-83.0,-41.0,-68.0,-68.0,33.0
Nagpur,Maharashtra,2405665,India,2020-05-07,-83.0,-43.0,-70.0,-71.0,34.0
Nagpur,Maharashtra,2405665,India,2020-05-08,-82.0,-37.0,-68.0,-67.0,34.0
Nagpur,Maharashtra,2405665,India,2020-05-09,-85.0,-44.0,-68.0,-64.0,32.0
Thane,Maharashtra,1841488,India,2020-02-15,-3.0,-1.0,3.0,2.0,0.0
Thane,Maharashtra,1841488,India,2020-02-16,0.0,-1.0,2.0,0.0,0.0
Thane,Maharashtra,1841488,India,2020-02-17,-2.0,0.0,0.0,1.0,1.0
Thane,Maharashtra,1841488,India,2020-02-18,0.0,1.0,2.0,1.0,0.0
Thane,Maharashtra,1841488,India,2020-02-19,-1.0,-1.0,-3.0,-12.0,3.0
Thane,Maharashtra,1841488,India,2020-02-20,0.0,2.0,2.0,0.0,0.0
Thane,Maharashtra,1841488,India,2020-02-21,-7.0,-1.0,-9.0,-22.0,6.0
Thane,Maharashtra,1841488,India,2020-02-22,-7.0,-5.0,-4.0,-5.0,2.0
Thane,Maharashtra,1841488,India,2020-02-23,-4.0,-4.0,-1.0,3.0,1.0
Thane,Maharashtra,1841488,India,2020-02-24,-3.0,-3.0,0.0,2.0,1.0
Thane,Maharashtra,1841488,India,2020-02-25,-3.0,-2.0,-1.0,2.0,1.0
Thane,Maharashtra,1841488,India,2020-02-26,-1.0,-3.0,2.0,3.0,0.0
Thane,Maharashtra,1841488,India,2020-02-27,-2.0,-3.0,-1.0,1.0,1.0
Thane,Maharashtra,1841488,India,2020-02-28,-3.0,-1.0,-1.0,4.0,1.0
Thane,Maharashtra,1841488,India,2020-02-29,-5.0,0.0,0.0,6.0,1.0
Thane,Maharashtra,1841488,India,2020-03-01,-2.0,2.0,-1.0,5.0,1.0
Thane,Maharashtra,1841488,India,2020-03-02,-2.0,1.0,0.0,4.0,1.0
Thane,Maharashtra,1841488,India,2020-03-03,-1.0,1.0,-1.0,3.0,1.0
Thane,Maharashtra,1841488,India,2020-03-04,0.0,3.0,2.0,6.0,0.0
Thane,Maharashtra,1841488,India,2020-03-05,-1.0,3.0,0.0,4.0,1.0
Thane,Maharashtra,1841488,India,2020-03-06,0.0,4.0,1.0,5.0,1.0
Thane,Maharashtra,1841488,India,2020-03-07,-2.0,5.0,3.0,4.0,1.0
Thane,Maharashtra,1841488,India,2020-03-08,1.0,4.0,-2.0,6.0,1.0
Thane,Maharashtra,1841488,India,2020-03-09,-1.0,6.0,-4.0,-4.0,2.0
Thane,Maharashtra,1841488,India,2020-03-10,-17.0,-21.0,-32.0,-60.0,18.0
Thane,Maharashtra,1841488,India,2020-03-11,-5.0,0.0,0.0,0.0,0.0
Thane,Maharashtra,1841488,India,2020-03-12,-6.0,1.0,-3.0,-1.0,1.0
Thane,Maharashtra,1841488,India,2020-03-13,-9.0,1.0,-7.0,-2.0,3.0
Thane,Maharashtra,1841488,India,2020-03-14,-14.0,3.0,-9.0,-5.0,5.0
Thane,Maharashtra,1841488,India,2020-03-15,-17.0,-1.0,-11.0,1.0,4.0
Thane,Maharashtra,1841488,India,2020-03-16,-12.0,1.0,-10.0,-8.0,5.0
Thane,Maharashtra,1841488,India,2020-03-17,-18.0,0.0,-15.0,-14.0,7.0
Thane,Maharashtra,1841488,India,2020-03-18,-22.0,-5.0,-19.0,-18.0,8.0
Thane,Maharashtra,1841488,India,2020-03-19,-28.0,-8.0,-26.0,-24.0,10.0
Thane,Maharashtra,1841488,India,2020-03-20,-41.0,-12.0,-33.0,-31.0,14.0
Thane,Maharashtra,1841488,India,2020-03-21,-60.0,-26.0,-45.0,-43.0,17.0
Thane,Maharashtra,1841488,India,2020-03-22,-86.0,-84.0,-78.0,-62.0,26.0
Thane,Maharashtra,1841488,India,2020-03-23,-69.0,-39.0,-69.0,-69.0,29.0
Thane,Maharashtra,1841488,India,2020-03-24,-76.0,-50.0,-76.0,-77.0,34.0
Thane,Maharashtra,1841488,India,2020-03-25,-82.0,-67.0,-81.0,-81.0,37.0
Thane,Maharashtra,1841488,India,2020-03-26,-80.0,-63.0,-79.0,-78.0,36.0
Thane,Maharashtra,1841488,India,2020-03-27,-80.0,-62.0,-79.0,-77.0,36.0
Thane,Maharashtra,1841488,India,2020-03-28,-82.0,-66.0,-79.0,-74.0,34.0
Thane,Maharashtra,1841488,India,2020-03-29,-82.0,-68.0,-77.0,-57.0,25.0
Thane,Maharashtra,1841488,India,2020-03-30,-79.0,-63.0,-79.0,-76.0,35.0
Thane,Maharashtra,1841488,India,2020-03-31,-80.0,-64.0,-80.0,-76.0,35.0
Thane,Maharashtra,1841488,India,2020-04-01,-80.0,-65.0,-80.0,-77.0,35.0
Thane,Maharashtra,1841488,India,2020-04-02,-81.0,-66.0,-81.0,-79.0,37.0
Thane,Maharashtra,1841488,India,2020-04-03,-80.0,-64.0,-80.0,-76.0,36.0
Thane,Maharashtra,1841488,India,2020-04-04,-82.0,-66.0,-79.0,-71.0,34.0
Thane,Maharashtra,1841488,India,2020-04-05,-82.0,-68.0,-78.0,-55.0,25.0
Thane,Maharashtra,1841488,India,2020-04-06,-80.0,-64.0,-80.0,-78.0,36.0
Thane,Maharashtra,1841488,India,2020-04-07,-82.0,-54.0,-76.0,-76.0,35.0
Thane,Maharashtra,1841488,India,2020-04-08,-83.0,-57.0,-76.0,-76.0,35.0
Thane,Maharashtra,1841488,India,2020-04-09,-83.0,-55.0,-77.0,-77.0,37.0
Thane,Maharashtra,1841488,India,2020-04-10,-83.0,-56.0,-78.0,-79.0,39.0
Thane,Maharashtra,1841488,India,2020-04-11,-85.0,-60.0,-77.0,-73.0,36.0
Thane,Maharashtra,1841488,India,2020-04-12,-85.0,-63.0,-75.0,-56.0,25.0
Thane,Maharashtra,1841488,India,2020-04-13,-82.0,-57.0,-77.0,-75.0,37.0
Thane,Maharashtra,1841488,India,2020-04-14,-83.0,-59.0,-78.0,-78.0,37.0
Thane,Maharashtra,1841488,India,2020-04-15,-82.0,-53.0,-75.0,-74.0,35.0
Thane,Maharashtra,1841488,India,2020-04-16,-87.0,-49.0,-75.0,-75.0,36.0
Thane,Maharashtra,1841488,India,2020-04-17,-87.0,-49.0,-75.0,-74.0,37.0
Thane,Maharashtra,1841488,India,2020-04-18,-89.0,-56.0,-75.0,-69.0,34.0
Thane,Maharashtra,1841488,India,2020-04-19,-89.0,-58.0,-73.0,-53.0,25.0
Thane,Maharashtra,1841488,India,2020-04-20,-87.0,-52.0,-75.0,-73.0,36.0
Thane,Maharashtra,1841488,India,2020-04-21,-87.0,-52.0,-75.0,-74.0,36.0
Thane,Maharashtra,1841488,India,2020-04-22,-87.0,-53.0,-75.0,-74.0,36.0
Thane,Maharashtra,1841488,India,2020-04-23,-88.0,-54.0,-76.0,-74.0,37.0
Thane,Maharashtra,1841488,India,2020-04-24,-87.0,-51.0,-76.0,-74.0,37.0
Thane,Maharashtra,1841488,India,2020-04-25,-89.0,-54.0,-75.0,-70.0,35.0
Thane,Maharashtra,1841488,India,2020-04-26,-89.0,-59.0,-74.0,-53.0,26.0
Thane,Maharashtra,1841488,India,2020-04-27,-87.0,-53.0,-76.0,-73.0,37.0
Thane,Maharashtra,1841488,India,2020-04-28,-87.0,-52.0,-75.0,-74.0,36.0
Thane,Maharashtra,1841488,India,2020-04-29,-87.0,-52.0,-74.0,-73.0,36.0
Thane,Maharashtra,1841488,India,2020-04-30,-87.0,-52.0,-75.0,-73.0,36.0
Thane,Maharashtra,1841488,India,2020-05-01,-87.0,-53.0,-76.0,-77.0,38.0
Thane,Maharashtra,1841488,India,2020-05-02,-88.0,-54.0,-74.0,-67.0,34.0
Thane,Maharashtra,1841488,India,2020-05-03,-88.0,-57.0,-72.0,-50.0,25.0
Thane,Maharashtra,1841488,India,2020-05-04,-84.0,-44.0,-71.0,-70.0,34.0
Thane,Maharashtra,1841488,India,2020-05-05,-84.0,-44.0,-70.0,-70.0,34.0
Thane,Maharashtra,1841488,India,2020-05-06,-83.0,-41.0,-68.0,-68.0,33.0
Thane,Maharashtra,1841488,India,2020-05-07,-83.0,-43.0,-70.0,-71.0,34.0
Thane,Maharashtra,1841488,India,2020-05-08,-82.0,-37.0,-68.0,-67.0,34.0
Thane,Maharashtra,1841488,India,2020-05-09,-85.0,-44.0,-68.0,-64.0,32.0
Delhi,Delhi,11007835,India,2020-02-15,1.0,2.0,6.0,4.0,0.0
Delhi,Delhi,11007835,India,2020-02-16,2.0,3.0,6.0,2.0,0.0
Delhi,Delhi,11007835,India,2020-02-17,0.0,2.0,2.0,1.0,0.0
Delhi,Delhi,11007835,India,2020-02-18,0.0,3.0,3.0,3.0,0.0
Delhi,Delhi,11007835,India,2020-02-19,-1.0,3.0,2.0,3.0,0.0
Delhi,Delhi,11007835,India,2020-02-20,0.0,2.0,4.0,4.0,0.0
Delhi,Delhi,11007835,India,2020-02-21,-7.0,-5.0,-8.0,-14.0,6.0
Delhi,Delhi,11007835,India,2020-02-22,0.0,-2.0,0.0,1.0,1.0
Delhi,Delhi,11007835,India,2020-02-23,0.0,1.0,3.0,4.0,0.0
Delhi,Delhi,11007835,India,2020-02-24,-1.0,-2.0,2.0,2.0,0.0
Delhi,Delhi,11007835,India,2020-02-25,-5.0,-7.0,-2.0,-3.0,2.0
Delhi,Delhi,11007835,India,2020-02-26,-8.0,-7.0,-7.0,-5.0,2.0
Delhi,Delhi,11007835,India,2020-02-27,-5.0,-6.0,-5.0,-1.0,1.0
Delhi,Delhi,11007835,India,2020-02-28,-4.0,-4.0,-4.0,0.0,1.0
Delhi,Delhi,11007835,India,2020-02-29,-13.0,-15.0,-5.0,5.0,2.0
Delhi,Delhi,11007835,India,2020-03-01,-5.0,0.0,-3.0,3.0,2.0
Delhi,Delhi,11007835,India,2020-03-02,-3.0,-1.0,-5.0,0.0,2.0
Delhi,Delhi,11007835,India,2020-03-03,-2.0,1.0,-2.0,4.0,0.0
Delhi,Delhi,11007835,India,2020-03-04,-5.0,0.0,-3.0,3.0,1.0
Delhi,Delhi,11007835,India,2020-03-05,-8.0,-5.0,-4.0,3.0,1.0
Delhi,Delhi,11007835,India,2020-03-06,-15.0,-14.0,-5.0,0.0,3.0
Delhi,Delhi,11007835,India,2020-03-07,-6.0,0.0,1.0,6.0,1.0
Delhi,Delhi,11007835,India,2020-03-08,-6.0,2.0,-7.0,7.0,1.0
Delhi,Delhi,11007835,India,2020-03-09,-2.0,4.0,-20.0,-18.0,5.0
Delhi,Delhi,11007835,India,2020-03-10,-51.0,-56.0,-60.0,-79.0,24.0
Delhi,Delhi,11007835,India,2020-03-11,-15.0,-9.0,-15.0,-11.0,2.0
Delhi,Delhi,11007835,India,2020-03-12,-10.0,-7.0,-10.0,-2.0,1.0
Delhi,Delhi,11007835,India,2020-03-13,-11.0,-5.0,-12.0,-2.0,2.0
Delhi,Delhi,11007835,India,2020-03-14,-20.0,-15.0,-17.0,-7.0,4.0
Delhi,Delhi,11007835,India,2020-03-15,-15.0,-6.0,-15.0,1.0,3.0
Delhi,Delhi,11007835,India,2020-03-16,-10.0,-4.0,-13.0,-5.0,2.0
Delhi,Delhi,11007835,India,2020-03-17,-12.0,-2.0,-17.0,-8.0,3.0
Delhi,Delhi,11007835,India,2020-03-18,-15.0,-1.0,-20.0,-10.0,4.0
Delhi,Delhi,11007835,India,2020-03-19,-17.0,0.0,-24.0,-12.0,5.0
Delhi,Delhi,11007835,India,2020-03-20,-27.0,-9.0,-31.0,-19.0,8.0
Delhi,Delhi,11007835,India,2020-03-21,-44.0,-24.0,-40.0,-27.0,10.0
Delhi,Delhi,11007835,India,2020-03-22,-87.0,-83.0,-81.0,-68.0,21.0
Delhi,Delhi,11007835,India,2020-03-23,-71.0,-52.0,-74.0,-73.0,28.0
Delhi,Delhi,11007835,India,2020-03-24,-80.0,-66.0,-82.0,-82.0,32.0
Delhi,Delhi,11007835,India,2020-03-25,-86.0,-76.0,-87.0,-85.0,34.0
Delhi,Delhi,11007835,India,2020-03-26,-86.0,-76.0,-87.0,-84.0,35.0
Delhi,Delhi,11007835,India,2020-03-27,-86.0,-77.0,-87.0,-84.0,36.0
Delhi,Delhi,11007835,India,2020-03-28,-86.0,-77.0,-85.0,-80.0,31.0
Delhi,Delhi,11007835,India,2020-03-29,-86.0,-77.0,-84.0,-69.0,23.0
Delhi,Delhi,11007835,India,2020-03-30,-83.0,-73.0,-86.0,-82.0,34.0
Delhi,Delhi,11007835,India,2020-03-31,-84.0,-74.0,-86.0,-83.0,34.0
Delhi,Delhi,11007835,India,2020-04-01,-85.0,-76.0,-87.0,-83.0,34.0
Delhi,Delhi,11007835,India,2020-04-02,-85.0,-76.0,-88.0,-84.0,36.0
Delhi,Delhi,11007835,India,2020-04-03,-84.0,-73.0,-87.0,-82.0,35.0
Delhi,Delhi,11007835,India,2020-04-04,-85.0,-75.0,-86.0,-78.0,31.0
Delhi,Delhi,11007835,India,2020-04-05,-86.0,-77.0,-86.0,-67.0,23.0
Delhi,Delhi,11007835,India,2020-04-06,-84.0,-73.0,-87.0,-84.0,35.0
Delhi,Delhi,11007835,India,2020-04-07,-85.0,-68.0,-84.0,-82.0,33.0
Delhi,Delhi,11007835,India,2020-04-08,-86.0,-67.0,-84.0,-82.0,34.0
Delhi,Delhi,11007835,India,2020-04-09,-86.0,-67.0,-85.0,-83.0,35.0
Delhi,Delhi,11007835,India,2020-04-10,-87.0,-69.0,-86.0,-85.0,37.0
Delhi,Delhi,11007835,India,2020-04-11,-88.0,-72.0,-85.0,-80.0,32.0
Delhi,Delhi,11007835,India,2020-04-12,-89.0,-74.0,-84.0,-69.0,24.0
Delhi,Delhi,11007835,India,2020-04-13,-86.0,-69.0,-85.0,-82.0,35.0
Delhi,Delhi,11007835,India,2020-04-14,-87.0,-71.0,-85.0,-84.0,34.0
Delhi,Delhi,11007835,India,2020-04-15,-87.0,-68.0,-84.0,-81.0,34.0
Delhi,Delhi,11007835,India,2020-04-16,-89.0,-66.0,-83.0,-82.0,35.0
Delhi,Delhi,11007835,India,2020-04-17,-90.0,-66.0,-83.0,-81.0,36.0
Delhi,Delhi,11007835,India,2020-04-18,-91.0,-71.0,-83.0,-78.0,32.0
Delhi,Delhi,11007835,India,2020-04-19,-91.0,-71.0,-82.0,-69.0,24.0
Delhi,Delhi,11007835,India,2020-04-20,-90.0,-66.0,-83.0,-81.0,35.0
Delhi,Delhi,11007835,India,2020-04-21,-90.0,-68.0,-84.0,-82.0,35.0
Delhi,Delhi,11007835,India,2020-04-22,-90.0,-67.0,-84.0,-82.0,35.0
Delhi,Delhi,11007835,India,2020-04-23,-90.0,-67.0,-84.0,-82.0,36.0
Delhi,Delhi,11007835,India,2020-04-24,-90.0,-66.0,-84.0,-81.0,37.0
Delhi,Delhi,11007835,India,2020-04-25,-91.0,-69.0,-83.0,-79.0,33.0
Delhi,Delhi,11007835,India,2020-04-26,-91.0,-70.0,-82.0,-68.0,25.0
Delhi,Delhi,11007835,India,2020-04-27,-89.0,-65.0,-83.0,-80.0,35.0
Delhi,Delhi,11007835,India,2020-04-28,-90.0,-66.0,-83.0,-81.0,34.0
Delhi,Delhi,11007835,India,2020-04-29,-89.0,-65.0,-82.0,-81.0,35.0
Delhi,Delhi,11007835,India,2020-04-30,-89.0,-66.0,-82.0,-81.0,35.0
Delhi,Delhi,11007835,India,2020-05-01,-89.0,-64.0,-82.0,-81.0,36.0
Delhi,Delhi,11007835,India,2020-05-02,-89.0,-66.0,-81.0,-77.0,32.0
Delhi,Delhi,11007835,India,2020-05-03,-90.0,-68.0,-80.0,-67.0,24.0
Delhi,Delhi,11007835,India,2020-05-04,-84.0,-54.0,-77.0,-75.0,32.0
Delhi,Delhi,11007835,India,2020-05-05,-85.0,-55.0,-77.0,-75.0,32.0
Delhi,Delhi,11007835,India,2020-05-06,-84.0,-52.0,-76.0,-73.0,32.0
Delhi,Delhi,11007835,India,2020-05-07,-85.0,-57.0,-78.0,-77.0,33.0
Delhi,Delhi,11007835,India,2020-05-08,-83.0,-52.0,-76.0,-72.0,32.0
Delhi,Delhi,11007835,India,2020-05-09,-85.0,-57.0,-75.0,-70.0,29.0
Bangalore,Karnataka,8436675,India,2020-02-15,2.0,1.0,3.0,5.0,0.0
Bangalore,Karnataka,8436675,India,2020-02-16,1.0,2.0,3.0,0.0,1.0
Bangalore,Karnataka,8436675,India,2020-02-17,0.0,3.0,1.0,5.0,1.0
Bangalore,Karnataka,8436675,India,2020-02-18,-1.0,2.0,1.0,4.0,1.0
Bangalore,Karnataka,8436675,India,2020-02-19,1.0,4.0,3.0,5.0,0.0
Bangalore,Karnataka,8436675,India,2020-02-20,2.0,6.0,6.0,4.0,-1.0
Bangalore,Karnataka,8436675,India,2020-02-21,-2.0,2.0,-5.0,-30.0,7.0
Bangalore,Karnataka,8436675,India,2020-02-22,-3.0,-5.0,-5.0,-7.0,2.0
Bangalore,Karnataka,8436675,India,2020-02-23,-4.0,-4.0,-1.0,1.0,1.0
Bangalore,Karnataka,8436675,India,2020-02-24,0.0,1.0,2.0,6.0,0.0
Bangalore,Karnataka,8436675,India,2020-02-25,0.0,0.0,2.0,4.0,0.0
Bangalore,Karnataka,8436675,India,2020-02-26,1.0,1.0,4.0,4.0,0.0
Bangalore,Karnataka,8436675,India,2020-02-27,0.0,-1.0,0.0,5.0,1.0
Bangalore,Karnataka,8436675,India,2020-02-28,3.0,1.0,2.0,6.0,0.0
Bangalore,Karnataka,8436675,India,2020-02-29,3.0,2.0,3.0,10.0,0.0
Bangalore,Karnataka,8436675,India,2020-03-01,4.0,5.0,2.0,4.0,0.0
Bangalore,Karnataka,8436675,India,2020-03-02,1.0,4.0,0.0,7.0,1.0
Bangalore,Karnataka,8436675,India,2020-03-03,0.0,5.0,0.0,5.0,1.0
Bangalore,Karnataka,8436675,India,2020-03-04,2.0,9.0,3.0,4.0,1.0
Bangalore,Karnataka,8436675,India,2020-03-05,0.0,5.0,0.0,5.0,1.0
Bangalore,Karnataka,8436675,India,2020-03-06,1.0,5.0,1.0,5.0,1.0
Bangalore,Karnataka,8436675,India,2020-03-07,1.0,5.0,3.0,8.0,1.0
Bangalore,Karnataka,8436675,India,2020-03-08,0.0,6.0,0.0,4.0,1.0
Bangalore,Karnataka,8436675,India,2020-03-09,-1.0,5.0,-2.0,0.0,2.0
Bangalore,Karnataka,8436675,India,2020-03-10,-5.0,2.0,-7.0,-11.0,5.0
Bangalore,Karnataka,8436675,India,2020-03-11,-3.0,3.0,-1.0,0.0,1.0
Bangalore,Karnataka,8436675,India,2020-03-12,-4.0,0.0,-5.0,1.0,2.0
Bangalore,Karnataka,8436675,India,2020-03-13,-5.0,6.0,-5.0,-1.0,3.0
Bangalore,Karnataka,8436675,India,2020-03-14,-16.0,0.0,-8.0,-10.0,5.0
Bangalore,Karnataka,8436675,India,2020-03-15,-20.0,-6.0,-10.0,-2.0,4.0
Bangalore,Karnataka,8436675,India,2020-03-16,-13.0,-1.0,-12.0,-14.0,7.0
Bangalore,Karnataka,8436675,India,2020-03-17,-17.0,-3.0,-15.0,-20.0,8.0
Bangalore,Karnataka,8436675,India,2020-03-18,-18.0,-1.0,-15.0,-22.0,8.0
Bangalore,Karnataka,8436675,India,2020-03-19,-20.0,-1.0,-19.0,-24.0,10.0
Bangalore,Karnataka,8436675,India,2020-03-20,-26.0,-4.0,-22.0,-26.0,11.0
Bangalore,Karnataka,8436675,India,2020-03-21,-31.0,8.0,-20.0,-14.0,7.0
Bangalore,Karnataka,8436675,India,2020-03-22,-81.0,-81.0,-66.0,-49.0,21.0
Bangalore,Karnataka,8436675,India,2020-03-23,-45.0,3.0,-37.0,-47.0,17.0
Bangalore,Karnataka,8436675,India,2020-03-24,-73.0,-43.0,-61.0,-73.0,28.0
Bangalore,Karnataka,8436675,India,2020-03-25,-81.0,-65.0,-71.0,-81.0,35.0
Bangalore,Karnataka,8436675,India,2020-03-26,-80.0,-61.0,-71.0,-77.0,34.0
Bangalore,Karnataka,8436675,India,2020-03-27,-81.0,-61.0,-71.0,-77.0,35.0
Bangalore,Karnataka,8436675,India,2020-03-28,-83.0,-64.0,-72.0,-71.0,30.0
Bangalore,Karnataka,8436675,India,2020-03-29,-82.0,-64.0,-70.0,-49.0,22.0
Bangalore,Karnataka,8436675,India,2020-03-30,-80.0,-62.0,-72.0,-75.0,35.0
Bangalore,Karnataka,8436675,India,2020-03-31,-79.0,-58.0,-70.0,-75.0,33.0
Bangalore,Karnataka,8436675,India,2020-04-01,-80.0,-60.0,-70.0,-76.0,33.0
Bangalore,Karnataka,8436675,India,2020-04-02,-80.0,-61.0,-71.0,-75.0,34.0
Bangalore,Karnataka,8436675,India,2020-04-03,-80.0,-59.0,-71.0,-74.0,34.0
Bangalore,Karnataka,8436675,India,2020-04-04,-81.0,-61.0,-70.0,-64.0,28.0
Bangalore,Karnataka,8436675,India,2020-04-05,-81.0,-63.0,-68.0,-44.0,21.0
Bangalore,Karnataka,8436675,India,2020-04-06,-80.0,-61.0,-71.0,-75.0,34.0
Bangalore,Karnataka,8436675,India,2020-04-07,-81.0,-49.0,-62.0,-74.0,31.0
Bangalore,Karnataka,8436675,India,2020-04-08,-81.0,-50.0,-62.0,-74.0,32.0
Bangalore,Karnataka,8436675,India,2020-04-09,-82.0,-53.0,-64.0,-74.0,34.0
Bangalore,Karnataka,8436675,India,2020-04-10,-81.0,-42.0,-63.0,-76.0,34.0
Bangalore,Karnataka,8436675,India,2020-04-11,-83.0,-52.0,-64.0,-67.0,29.0
Bangalore,Karnataka,8436675,India,2020-04-12,-83.0,-56.0,-62.0,-44.0,22.0
Bangalore,Karnataka,8436675,India,2020-04-13,-81.0,-51.0,-64.0,-73.0,35.0
Bangalore,Karnataka,8436675,India,2020-04-14,-82.0,-53.0,-64.0,-75.0,33.0
Bangalore,Karnataka,8436675,India,2020-04-15,-81.0,-50.0,-61.0,-72.0,33.0
Bangalore,Karnataka,8436675,India,2020-04-16,-86.0,-46.0,-61.0,-72.0,34.0
Bangalore,Karnataka,8436675,India,2020-04-17,-86.0,-45.0,-61.0,-71.0,34.0
Bangalore,Karnataka,8436675,India,2020-04-18,-88.0,-52.0,-63.0,-62.0,28.0
Bangalore,Karnataka,8436675,India,2020-04-19,-87.0,-52.0,-60.0,-42.0,21.0
Bangalore,Karnataka,8436675,India,2020-04-20,-86.0,-49.0,-63.0,-70.0,34.0
Bangalore,Karnataka,8436675,India,2020-04-21,-86.0,-47.0,-61.0,-71.0,32.0
Bangalore,Karnataka,8436675,India,2020-04-22,-86.0,-48.0,-61.0,-71.0,33.0
Bangalore,Karnataka,8436675,India,2020-04-23,-86.0,-48.0,-62.0,-70.0,34.0
Bangalore,Karnataka,8436675,India,2020-04-24,-85.0,-44.0,-60.0,-69.0,33.0
Bangalore,Karnataka,8436675,India,2020-04-25,-87.0,-48.0,-61.0,-62.0,29.0
Bangalore,Karnataka,8436675,India,2020-04-26,-86.0,-49.0,-58.0,-39.0,21.0
Bangalore,Karnataka,8436675,India,2020-04-27,-85.0,-45.0,-61.0,-68.0,33.0
Bangalore,Karnataka,8436675,India,2020-04-28,-84.0,-44.0,-59.0,-68.0,31.0
Bangalore,Karnataka,8436675,India,2020-04-29,-84.0,-43.0,-58.0,-68.0,32.0
Bangalore,Karnataka,8436675,India,2020-04-30,-83.0,-41.0,-58.0,-67.0,32.0
Bangalore,Karnataka,8436675,India,2020-05-01,-83.0,-37.0,-59.0,-72.0,33.0
Bangalore,Karnataka,8436675,India,2020-05-02,-84.0,-42.0,-58.0,-54.0,26.0
Bangalore,Karnataka,8436675,India,2020-05-03,-83.0,-43.0,-54.0,-34.0,19.0
Bangalore,Karnataka,8436675,India,2020-05-04,-75.0,-25.0,-47.0,-57.0,26.0
Bangalore,Karnataka,8436675,India,2020-05-05,-75.0,-25.0,-46.0,-57.0,25.0
Bangalore,Karnataka,8436675,India,2020-05-06,-74.0,-22.0,-44.0,-55.0,25.0
Bangalore,Karnataka,8436675,India,2020-05-07,-74.0,-21.0,-45.0,-55.0,26.0
Bangalore,Karnataka,8436675,India,2020-05-08,-74.0,-18.0,-45.0,-53.0,25.0
Bangalore,Karnataka,8436675,India,2020-05-09,-75.0,-22.0,-45.0,-43.0,21.0
Hyderabad,Telangana,6809970,India,2020-02-15,2.0,0.0,4.0,1.0,0.0
Hyderabad,Telangana,6809970,India,2020-02-16,1.0,4.0,2.0,0.0,1.0
Hyderabad,Telangana,6809970,India,2020-02-17,0.0,3.0,2.0,4.0,1.0
Hyderabad,Telangana,6809970,India,2020-02-18,1.0,3.0,3.0,4.0,1.0
Hyderabad,Telangana,6809970,India,2020-02-19,0.0,4.0,5.0,6.0,0.0
Hyderabad,Telangana,6809970,India,2020-02-20,2.0,9.0,7.0,4.0,0.0
Hyderabad,Telangana,6809970,India,2020-02-21,-7.0,6.0,-5.0,-26.0,9.0
Hyderabad,Telangana,6809970,India,2020-02-22,-2.0,-6.0,-6.0,-13.0,5.0
Hyderabad,Telangana,6809970,India,2020-02-23,-2.0,0.0,-1.0,1.0,2.0
Hyderabad,Telangana,6809970,India,2020-02-24,2.0,2.0,4.0,5.0,1.0
Hyderabad,Telangana,6809970,India,2020-02-25,2.0,2.0,6.0,4.0,0.0
Hyderabad,Telangana,6809970,India,2020-02-26,3.0,1.0,7.0,3.0,-1.0
Hyderabad,Telangana,6809970,India,2020-02-27,2.0,2.0,5.0,2.0,0.0
Hyderabad,Telangana,6809970,India,2020-02-28,4.0,2.0,9.0,3.0,0.0
Hyderabad,Telangana,6809970,India,2020-02-29,3.0,2.0,4.0,6.0,1.0
Hyderabad,Telangana,6809970,India,2020-03-01,3.0,7.0,5.0,2.0,0.0
Hyderabad,Telangana,6809970,India,2020-03-02,1.0,4.0,4.0,5.0,1.0
Hyderabad,Telangana,6809970,India,2020-03-03,1.0,5.0,3.0,5.0,1.0
Hyderabad,Telangana,6809970,India,2020-03-04,1.0,12.0,5.0,7.0,1.0
Hyderabad,Telangana,6809970,India,2020-03-05,-2.0,7.0,1.0,2.0,2.0
Hyderabad,Telangana,6809970,India,2020-03-06,-1.0,8.0,6.0,4.0,2.0
Hyderabad,Telangana,6809970,India,2020-03-07,0.0,5.0,3.0,6.0,2.0
Hyderabad,Telangana,6809970,India,2020-03-08,-2.0,6.0,-1.0,5.0,1.0
Hyderabad,Telangana,6809970,India,2020-03-09,-9.0,-1.0,-15.0,-26.0,9.0
Hyderabad,Telangana,6809970,India,2020-03-10,-1.0,3.0,-1.0,-13.0,4.0
Hyderabad,Telangana,6809970,India,2020-03-11,0.0,4.0,5.0,2.0,0.0
Hyderabad,Telangana,6809970,India,2020-03-12,-1.0,2.0,1.0,0.0,1.0
Hyderabad,Telangana,6809970,India,2020-03-13,-2.0,3.0,4.0,0.0,1.0
Hyderabad,Telangana,6809970,India,2020-03-14,-4.0,5.0,-2.0,-5.0,3.0
Hyderabad,Telangana,6809970,India,2020-03-15,-10.0,5.0,1.0,-1.0,1.0
Hyderabad,Telangana,6809970,India,2020-03-16,-8.0,4.0,-2.0,-8.0,4.0
Hyderabad,Telangana,6809970,India,2020-03-17,-10.0,3.0,-6.0,-12.0,4.0
Hyderabad,Telangana,6809970,India,2020-03-18,-10.0,5.0,-4.0,-12.0,4.0
Hyderabad,Telangana,6809970,India,2020-03-19,-18.0,1.0,-12.0,-19.0,6.0
Hyderabad,Telangana,6809970,India,2020-03-20,-20.0,8.0,-12.0,-21.0,8.0
Hyderabad,Telangana,6809970,India,2020-03-21,-25.0,19.0,-15.0,-17.0,7.0
Hyderabad,Telangana,6809970,India,2020-03-22,-84.0,-83.0,-74.0,-55.0,24.0
Hyderabad,Telangana,6809970,India,2020-03-23,-68.0,-23.0,-58.0,-60.0,26.0
Hyderabad,Telangana,6809970,India,2020-03-24,-79.0,-45.0,-70.0,-72.0,32.0
Hyderabad,Telangana,6809970,India,2020-03-25,-82.0,-57.0,-75.0,-79.0,35.0
Hyderabad,Telangana,6809970,India,2020-03-26,-82.0,-59.0,-76.0,-75.0,35.0
Hyderabad,Telangana,6809970,India,2020-03-27,-83.0,-59.0,-76.0,-74.0,37.0
Hyderabad,Telangana,6809970,India,2020-03-28,-84.0,-61.0,-76.0,-70.0,34.0
Hyderabad,Telangana,6809970,India,2020-03-29,-82.0,-59.0,-73.0,-51.0,24.0
Hyderabad,Telangana,6809970,India,2020-03-30,-82.0,-61.0,-76.0,-72.0,36.0
Hyderabad,Telangana,6809970,India,2020-03-31,-81.0,-60.0,-75.0,-72.0,33.0
Hyderabad,Telangana,6809970,India,2020-04-01,-81.0,-61.0,-75.0,-72.0,33.0
Hyderabad,Telangana,6809970,India,2020-04-02,-82.0,-63.0,-76.0,-75.0,35.0
Hyderabad,Telangana,6809970,India,2020-04-03,-82.0,-60.0,-74.0,-71.0,35.0
Hyderabad,Telangana,6809970,India,2020-04-04,-82.0,-61.0,-74.0,-65.0,31.0
Hyderabad,Telangana,6809970,India,2020-04-05,-81.0,-59.0,-72.0,-46.0,23.0
Hyderabad,Telangana,6809970,India,2020-04-06,-81.0,-62.0,-75.0,-71.0,35.0
Hyderabad,Telangana,6809970,India,2020-04-07,-84.0,-52.0,-70.0,-71.0,33.0
Hyderabad,Telangana,6809970,India,2020-04-08,-84.0,-52.0,-69.0,-71.0,32.0
Hyderabad,Telangana,6809970,India,2020-04-09,-84.0,-52.0,-70.0,-71.0,34.0
Hyderabad,Telangana,6809970,India,2020-04-10,-85.0,-52.0,-70.0,-73.0,36.0
Hyderabad,Telangana,6809970,India,2020-04-11,-86.0,-56.0,-71.0,-67.0,33.0
Hyderabad,Telangana,6809970,India,2020-04-12,-84.0,-52.0,-67.0,-47.0,23.0
Hyderabad,Telangana,6809970,India,2020-04-13,-84.0,-54.0,-71.0,-70.0,35.0
Hyderabad,Telangana,6809970,India,2020-04-14,-84.0,-54.0,-70.0,-73.0,33.0
Hyderabad,Telangana,6809970,India,2020-04-15,-84.0,-52.0,-68.0,-69.0,32.0
Hyderabad,Telangana,6809970,India,2020-04-16,-89.0,-47.0,-68.0,-70.0,34.0
Hyderabad,Telangana,6809970,India,2020-04-17,-89.0,-48.0,-68.0,-70.0,35.0
Hyderabad,Telangana,6809970,India,2020-04-18,-90.0,-54.0,-70.0,-63.0,31.0
Hyderabad,Telangana,6809970,India,2020-04-19,-89.0,-50.0,-67.0,-46.0,23.0
Hyderabad,Telangana,6809970,India,2020-04-20,-90.0,-53.0,-71.0,-69.0,35.0
Hyderabad,Telangana,6809970,India,2020-04-21,-90.0,-53.0,-70.0,-70.0,33.0
Hyderabad,Telangana,6809970,India,2020-04-22,-90.0,-55.0,-71.0,-70.0,34.0
Hyderabad,Telangana,6809970,India,2020-04-23,-90.0,-53.0,-71.0,-71.0,35.0
Hyderabad,Telangana,6809970,India,2020-04-24,-90.0,-50.0,-70.0,-70.0,35.0
Hyderabad,Telangana,6809970,India,2020-04-25,-91.0,-53.0,-71.0,-65.0,33.0
Hyderabad,Telangana,6809970,India,2020-04-26,-89.0,-49.0,-68.0,-46.0,24.0
Hyderabad,Telangana,6809970,India,2020-04-27,-90.0,-52.0,-71.0,-69.0,36.0
Hyderabad,Telangana,6809970,India,2020-04-28,-89.0,-51.0,-69.0,-70.0,32.0
Hyderabad,Telangana,6809970,India,2020-04-29,-89.0,-49.0,-68.0,-68.0,32.0
Hyderabad,Telangana,6809970,India,2020-04-30,-89.0,-49.0,-69.0,-68.0,33.0
Hyderabad,Telangana,6809970,India,2020-05-01,-89.0,-48.0,-69.0,-71.0,35.0
Hyderabad,Telangana,6809970,India,2020-05-02,-89.0,-48.0,-68.0,-60.0,30.0
Hyderabad,Telangana,6809970,India,2020-05-03,-88.0,-45.0,-65.0,-42.0,21.0
Hyderabad,Telangana,6809970,India,2020-05-04,-88.0,-46.0,-67.0,-65.0,32.0
Hyderabad,Telangana,6809970,India,2020-05-05,-87.0,-44.0,-65.0,-65.0,30.0
Hyderabad,Telangana,6809970,India,2020-05-06,-84.0,-33.0,-57.0,-62.0,28.0
Hyderabad,Telangana,6809970,India,2020-05-07,-84.0,-34.0,-58.0,-61.0,29.0
Hyderabad,Telangana,6809970,India,2020-05-08,-83.0,-30.0,-55.0,-59.0,29.0
Hyderabad,Telangana,6809970,India,2020-05-09,-85.0,-36.0,-58.0,-55.0,26.0
Ahmedabad,Gujarat,5570585,India,2020-02-15,0.0,1.0,2.0,2.0,0.0
Ahmedabad,Gujarat,5570585,India,2020-02-16,1.0,-2.0,2.0,-2.0,0.0
Ahmedabad,Gujarat,5570585,India,2020-02-17,-1.0,1.0,0.0,3.0,0.0
Ahmedabad,Gujarat,5570585,India,2020-02-18,0.0,2.0,0.0,3.0,0.0
Ahmedabad,Gujarat,5570585,India,2020-02-19,-1.0,2.0,1.0,3.0,0.0
Ahmedabad,Gujarat,5570585,India,2020-02-20,1.0,4.0,4.0,2.0,0.0
Ahmedabad,Gujarat,5570585,India,2020-02-21,-3.0,0.0,-5.0,-20.0,5.0
Ahmedabad,Gujarat,5570585,India,2020-02-22,-4.0,-2.0,-4.0,-1.0,2.0
Ahmedabad,Gujarat,5570585,India,2020-02-23,-4.0,-4.0,0.0,3.0,1.0
Ahmedabad,Gujarat,5570585,India,2020-02-24,-3.0,-2.0,-1.0,1.0,1.0
Ahmedabad,Gujarat,5570585,India,2020-02-25,-1.0,-2.0,1.0,-1.0,0.0
Ahmedabad,Gujarat,5570585,India,2020-02-26,-2.0,-3.0,1.0,0.0,-1.0
Ahmedabad,Gujarat,5570585,India,2020-02-27,-2.0,-3.0,-1.0,0.0,0.0
Ahmedabad,Gujarat,5570585,India,2020-02-28,-3.0,-2.0,-2.0,3.0,1.0
Ahmedabad,Gujarat,5570585,India,2020-02-29,-4.0,0.0,-2.0,8.0,0.0
Ahmedabad,Gujarat,5570585,India,2020-03-01,-2.0,-1.0,-2.0,2.0,1.0
Ahmedabad,Gujarat,5570585,India,2020-03-02,-4.0,1.0,-2.0,5.0,1.0
Ahmedabad,Gujarat,5570585,India,2020-03-03,-3.0,2.0,-2.0,4.0,1.0
Ahmedabad,Gujarat,5570585,India,2020-03-04,-2.0,3.0,0.0,4.0,1.0
Ahmedabad,Gujarat,5570585,India,2020-03-05,-4.0,1.0,-2.0,3.0,2.0
Ahmedabad,Gujarat,5570585,India,2020-03-06,-3.0,3.0,-1.0,5.0,1.0
Ahmedabad,Gujarat,5570585,India,2020-03-07,-2.0,4.0,3.0,8.0,0.0
Ahmedabad,Gujarat,5570585,India,2020-03-08,-4.0,3.0,-1.0,12.0,1.0
Ahmedabad,Gujarat,5570585,India,2020-03-09,0.0,7.0,-3.0,-11.0,3.0
Ahmedabad,Gujarat,5570585,India,2020-03-10,-11.0,-31.0,-17.0,-70.0,14.0
Ahmedabad,Gujarat,5570585,India,2020-03-11,-3.0,1.0,3.0,-5.0,0.0
Ahmedabad,Gujarat,5570585,India,2020-03-12,-4.0,-1.0,-3.0,-2.0,1.0
Ahmedabad,Gujarat,5570585,India,2020-03-13,-6.0,0.0,-4.0,2.0,1.0
Ahmedabad,Gujarat,5570585,India,2020-03-14,-7.0,1.0,-7.0,0.0,3.0
Ahmedabad,Gujarat,5570585,India,2020-03-15,-9.0,-3.0,-7.0,2.0,3.0
Ahmedabad,Gujarat,5570585,India,2020-03-16,-7.0,3.0,-5.0,-1.0,3.0
Ahmedabad,Gujarat,5570585,India,2020-03-17,-9.0,0.0,-7.0,-3.0,2.0
Ahmedabad,Gujarat,5570585,India,2020-03-18,-9.0,-1.0,-8.0,-4.0,2.0
Ahmedabad,Gujarat,5570585,India,2020-03-19,-11.0,3.0,-11.0,-5.0,3.0
Ahmedabad,Gujarat,5570585,India,2020-03-20,-18.0,9.0,-15.0,-5.0,4.0
Ahmedabad,Gujarat,5570585,India,2020-03-21,-32.0,-3.0,-22.0,-10.0,8.0
Ahmedabad,Gujarat,5570585,India,2020-03-22,-79.0,-78.0,-67.0,-57.0,25.0
Ahmedabad,Gujarat,5570585,India,2020-03-23,-62.0,-41.0,-53.0,-52.0,24.0
Ahmedabad,Gujarat,5570585,India,2020-03-24,-74.0,-58.0,-65.0,-71.0,31.0
Ahmedabad,Gujarat,5570585,India,2020-03-25,-78.0,-64.0,-69.0,-76.0,33.0
Ahmedabad,Gujarat,5570585,India,2020-03-26,-78.0,-64.0,-69.0,-75.0,34.0
Ahmedabad,Gujarat,5570585,India,2020-03-27,-78.0,-66.0,-70.0,-74.0,34.0
Ahmedabad,Gujarat,5570585,India,2020-03-28,-81.0,-70.0,-72.0,-74.0,35.0
Ahmedabad,Gujarat,5570585,India,2020-03-29,-82.0,-72.0,-72.0,-59.0,28.0
Ahmedabad,Gujarat,5570585,India,2020-03-30,-79.0,-68.0,-72.0,-74.0,35.0
Ahmedabad,Gujarat,5570585,India,2020-03-31,-79.0,-67.0,-71.0,-73.0,33.0
Ahmedabad,Gujarat,5570585,India,2020-04-01,-79.0,-67.0,-70.0,-73.0,33.0
Ahmedabad,Gujarat,5570585,India,2020-04-02,-79.0,-69.0,-71.0,-75.0,35.0
Ahmedabad,Gujarat,5570585,India,2020-04-03,-78.0,-66.0,-70.0,-71.0,33.0
Ahmedabad,Gujarat,5570585,India,2020-04-04,-79.0,-67.0,-71.0,-69.0,33.0
Ahmedabad,Gujarat,5570585,India,2020-04-05,-81.0,-71.0,-71.0,-55.0,26.0
Ahmedabad,Gujarat,5570585,India,2020-04-06,-80.0,-68.0,-72.0,-74.0,35.0
Ahmedabad,Gujarat,5570585,India,2020-04-07,-81.0,-59.0,-64.0,-72.0,33.0
Ahmedabad,Gujarat,5570585,India,2020-04-08,-82.0,-61.0,-65.0,-73.0,33.0
Ahmedabad,Gujarat,5570585,India,2020-04-09,-82.0,-60.0,-66.0,-73.0,36.0
Ahmedabad,Gujarat,5570585,India,2020-04-10,-82.0,-61.0,-67.0,-74.0,36.0
Ahmedabad,Gujarat,5570585,India,2020-04-11,-83.0,-63.0,-67.0,-73.0,37.0
Ahmedabad,Gujarat,5570585,India,2020-04-12,-84.0,-66.0,-67.0,-57.0,28.0
Ahmedabad,Gujarat,5570585,India,2020-04-13,-82.0,-62.0,-67.0,-72.0,37.0
Ahmedabad,Gujarat,5570585,India,2020-04-14,-82.0,-63.0,-66.0,-74.0,35.0
Ahmedabad,Gujarat,5570585,India,2020-04-15,-82.0,-59.0,-63.0,-70.0,34.0
Ahmedabad,Gujarat,5570585,India,2020-04-16,-88.0,-53.0,-62.0,-71.0,35.0
Ahmedabad,Gujarat,5570585,India,2020-04-17,-88.0,-53.0,-62.0,-70.0,35.0
Ahmedabad,Gujarat,5570585,India,2020-04-18,-89.0,-60.0,-65.0,-68.0,35.0
Ahmedabad,Gujarat,5570585,India,2020-04-19,-90.0,-63.0,-66.0,-54.0,28.0
Ahmedabad,Gujarat,5570585,India,2020-04-20,-89.0,-57.0,-65.0,-69.0,36.0
Ahmedabad,Gujarat,5570585,India,2020-04-21,-88.0,-57.0,-63.0,-69.0,34.0
Ahmedabad,Gujarat,5570585,India,2020-04-22,-89.0,-58.0,-64.0,-69.0,34.0
Ahmedabad,Gujarat,5570585,India,2020-04-23,-89.0,-58.0,-64.0,-69.0,36.0
Ahmedabad,Gujarat,5570585,India,2020-04-24,-88.0,-56.0,-64.0,-68.0,35.0
Ahmedabad,Gujarat,5570585,India,2020-04-25,-89.0,-58.0,-64.0,-67.0,36.0
Ahmedabad,Gujarat,5570585,India,2020-04-26,-88.0,-57.0,-62.0,-47.0,27.0
Ahmedabad,Gujarat,5570585,India,2020-04-27,-87.0,-55.0,-63.0,-65.0,35.0
Ahmedabad,Gujarat,5570585,India,2020-04-28,-87.0,-54.0,-61.0,-65.0,32.0
Ahmedabad,Gujarat,5570585,India,2020-04-29,-87.0,-54.0,-60.0,-65.0,33.0
Ahmedabad,Gujarat,5570585,India,2020-04-30,-87.0,-54.0,-61.0,-64.0,34.0
Ahmedabad,Gujarat,5570585,India,2020-05-01,-87.0,-53.0,-62.0,-64.0,33.0
Ahmedabad,Gujarat,5570585,India,2020-05-02,-87.0,-54.0,-61.0,-60.0,33.0
Ahmedabad,Gujarat,5570585,India,2020-05-03,-88.0,-57.0,-62.0,-46.0,26.0
Ahmedabad,Gujarat,5570585,India,2020-05-04,-85.0,-49.0,-60.0,-60.0,32.0
Ahmedabad,Gujarat,5570585,India,2020-05-05,-85.0,-49.0,-59.0,-61.0,31.0
Ahmedabad,Gujarat,5570585,India,2020-05-06,-84.0,-45.0,-55.0,-60.0,30.0
Ahmedabad,Gujarat,5570585,India,2020-05-07,-84.0,-47.0,-58.0,-61.0,31.0
Ahmedabad,Gujarat,5570585,India,2020-05-08,-84.0,-46.0,-58.0,-60.0,31.0
Ahmedabad,Gujarat,5570585,India,2020-05-09,-86.0,-51.0,-60.0,-60.0,33.0
Surat,Gujarat,4467797,India,2020-02-15,0.0,1.0,2.0,2.0,0.0
Surat,Gujarat,4467797,India,2020-02-16,1.0,-2.0,2.0,-2.0,0.0
Surat,Gujarat,4467797,India,2020-02-17,-1.0,1.0,0.0,3.0,0.0
Surat,Gujarat,4467797,India,2020-02-18,0.0,2.0,0.0,3.0,0.0
Surat,Gujarat,4467797,India,2020-02-19,-1.0,2.0,1.0,3.0,0.0
Surat,Gujarat,4467797,India,2020-02-20,1.0,4.0,4.0,2.0,0.0
Surat,Gujarat,4467797,India,2020-02-21,-3.0,0.0,-5.0,-20.0,5.0
Surat,Gujarat,4467797,India,2020-02-22,-4.0,-2.0,-4.0,-1.0,2.0
Surat,Gujarat,4467797,India,2020-02-23,-4.0,-4.0,0.0,3.0,1.0
Surat,Gujarat,4467797,India,2020-02-24,-3.0,-2.0,-1.0,1.0,1.0
Surat,Gujarat,4467797,India,2020-02-25,-1.0,-2.0,1.0,-1.0,0.0
Surat,Gujarat,4467797,India,2020-02-26,-2.0,-3.0,1.0,0.0,-1.0
Surat,Gujarat,4467797,India,2020-02-27,-2.0,-3.0,-1.0,0.0,0.0
Surat,Gujarat,4467797,India,2020-02-28,-3.0,-2.0,-2.0,3.0,1.0
Surat,Gujarat,4467797,India,2020-02-29,-4.0,0.0,-2.0,8.0,0.0
Surat,Gujarat,4467797,India,2020-03-01,-2.0,-1.0,-2.0,2.0,1.0
Surat,Gujarat,4467797,India,2020-03-02,-4.0,1.0,-2.0,5.0,1.0
Surat,Gujarat,4467797,India,2020-03-03,-3.0,2.0,-2.0,4.0,1.0
Surat,Gujarat,4467797,India,2020-03-04,-2.0,3.0,0.0,4.0,1.0
Surat,Gujarat,4467797,India,2020-03-05,-4.0,1.0,-2.0,3.0,2.0
Surat,Gujarat,4467797,India,2020-03-06,-3.0,3.0,-1.0,5.0,1.0
Surat,Gujarat,4467797,India,2020-03-07,-2.0,4.0,3.0,8.0,0.0
Surat,Gujarat,4467797,India,2020-03-08,-4.0,3.0,-1.0,12.0,1.0
Surat,Gujarat,4467797,India,2020-03-09,0.0,7.0,-3.0,-11.0,3.0
Surat,Gujarat,4467797,India,2020-03-10,-11.0,-31.0,-17.0,-70.0,14.0
Surat,Gujarat,4467797,India,2020-03-11,-3.0,1.0,3.0,-5.0,0.0
Surat,Gujarat,4467797,India,2020-03-12,-4.0,-1.0,-3.0,-2.0,1.0
Surat,Gujarat,4467797,India,2020-03-13,-6.0,0.0,-4.0,2.0,1.0
Surat,Gujarat,4467797,India,2020-03-14,-7.0,1.0,-7.0,0.0,3.0
Surat,Gujarat,4467797,India,2020-03-15,-9.0,-3.0,-7.0,2.0,3.0
Surat,Gujarat,4467797,India,2020-03-16,-7.0,3.0,-5.0,-1.0,3.0
Surat,Gujarat,4467797,India,2020-03-17,-9.0,0.0,-7.0,-3.0,2.0
Surat,Gujarat,4467797,India,2020-03-18,-9.0,-1.0,-8.0,-4.0,2.0
Surat,Gujarat,4467797,India,2020-03-19,-11.0,3.0,-11.0,-5.0,3.0
Surat,Gujarat,4467797,India,2020-03-20,-18.0,9.0,-15.0,-5.0,4.0
Surat,Gujarat,4467797,India,2020-03-21,-32.0,-3.0,-22.0,-10.0,8.0
Surat,Gujarat,4467797,India,2020-03-22,-79.0,-78.0,-67.0,-57.0,25.0
Surat,Gujarat,4467797,India,2020-03-23,-62.0,-41.0,-53.0,-52.0,24.0
Surat,Gujarat,4467797,India,2020-03-24,-74.0,-58.0,-65.0,-71.0,31.0
Surat,Gujarat,4467797,India,2020-03-25,-78.0,-64.0,-69.0,-76.0,33.0
Surat,Gujarat,4467797,India,2020-03-26,-78.0,-64.0,-69.0,-75.0,34.0
Surat,Gujarat,4467797,India,2020-03-27,-78.0,-66.0,-70.0,-74.0,34.0
Surat,Gujarat,4467797,India,2020-03-28,-81.0,-70.0,-72.0,-74.0,35.0
Surat,Gujarat,4467797,India,2020-03-29,-82.0,-72.0,-72.0,-59.0,28.0
Surat,Gujarat,4467797,India,2020-03-30,-79.0,-68.0,-72.0,-74.0,35.0
Surat,Gujarat,4467797,India,2020-03-31,-79.0,-67.0,-71.0,-73.0,33.0
Surat,Gujarat,4467797,India,2020-04-01,-79.0,-67.0,-70.0,-73.0,33.0
Surat,Gujarat,4467797,India,2020-04-02,-79.0,-69.0,-71.0,-75.0,35.0
Surat,Gujarat,4467797,India,2020-04-03,-78.0,-66.0,-70.0,-71.0,33.0
Surat,Gujarat,4467797,India,2020-04-04,-79.0,-67.0,-71.0,-69.0,33.0
Surat,Gujarat,4467797,India,2020-04-05,-81.0,-71.0,-71.0,-55.0,26.0
Surat,Gujarat,4467797,India,2020-04-06,-80.0,-68.0,-72.0,-74.0,35.0
Surat,Gujarat,4467797,India,2020-04-07,-81.0,-59.0,-64.0,-72.0,33.0
Surat,Gujarat,4467797,India,2020-04-08,-82.0,-61.0,-65.0,-73.0,33.0
Surat,Gujarat,4467797,India,2020-04-09,-82.0,-60.0,-66.0,-73.0,36.0
Surat,Gujarat,4467797,India,2020-04-10,-82.0,-61.0,-67.0,-74.0,36.0
Surat,Gujarat,4467797,India,2020-04-11,-83.0,-63.0,-67.0,-73.0,37.0
Surat,Gujarat,4467797,India,2020-04-12,-84.0,-66.0,-67.0,-57.0,28.0
Surat,Gujarat,4467797,India,2020-04-13,-82.0,-62.0,-67.0,-72.0,37.0
Surat,Gujarat,4467797,India,2020-04-14,-82.0,-63.0,-66.0,-74.0,35.0
Surat,Gujarat,4467797,India,2020-04-15,-82.0,-59.0,-63.0,-70.0,34.0
Surat,Gujarat,4467797,India,2020-04-16,-88.0,-53.0,-62.0,-71.0,35.0
Surat,Gujarat,4467797,India,2020-04-17,-88.0,-53.0,-62.0,-70.0,35.0
Surat,Gujarat,4467797,India,2020-04-18,-89.0,-60.0,-65.0,-68.0,35.0
Surat,Gujarat,4467797,India,2020-04-19,-90.0,-63.0,-66.0,-54.0,28.0
Surat,Gujarat,4467797,India,2020-04-20,-89.0,-57.0,-65.0,-69.0,36.0
Surat,Gujarat,4467797,India,2020-04-21,-88.0,-57.0,-63.0,-69.0,34.0
Surat,Gujarat,4467797,India,2020-04-22,-89.0,-58.0,-64.0,-69.0,34.0
Surat,Gujarat,4467797,India,2020-04-23,-89.0,-58.0,-64.0,-69.0,36.0
Surat,Gujarat,4467797,India,2020-04-24,-88.0,-56.0,-64.0,-68.0,35.0
Surat,Gujarat,4467797,India,2020-04-25,-89.0,-58.0,-64.0,-67.0,36.0
Surat,Gujarat,4467797,India,2020-04-26,-88.0,-57.0,-62.0,-47.0,27.0
Surat,Gujarat,4467797,India,2020-04-27,-87.0,-55.0,-63.0,-65.0,35.0
Surat,Gujarat,4467797,India,2020-04-28,-87.0,-54.0,-61.0,-65.0,32.0
Surat,Gujarat,4467797,India,2020-04-29,-87.0,-54.0,-60.0,-65.0,33.0
Surat,Gujarat,4467797,India,2020-04-30,-87.0,-54.0,-61.0,-64.0,34.0
Surat,Gujarat,4467797,India,2020-05-01,-87.0,-53.0,-62.0,-64.0,33.0
Surat,Gujarat,4467797,India,2020-05-02,-87.0,-54.0,-61.0,-60.0,33.0
Surat,Gujarat,4467797,India,2020-05-03,-88.0,-57.0,-62.0,-46.0,26.0
Surat,Gujarat,4467797,India,2020-05-04,-85.0,-49.0,-60.0,-60.0,32.0
Surat,Gujarat,4467797,India,2020-05-05,-85.0,-49.0,-59.0,-61.0,31.0
Surat,Gujarat,4467797,India,2020-05-06,-84.0,-45.0,-55.0,-60.0,30.0
Surat,Gujarat,4467797,India,2020-05-07,-84.0,-47.0,-58.0,-61.0,31.0
Surat,Gujarat,4467797,India,2020-05-08,-84.0,-46.0,-58.0,-60.0,31.0
Surat,Gujarat,4467797,India,2020-05-09,-86.0,-51.0,-60.0,-60.0,33.0
Chennai,Tamil Nadu,4681087,India,2020-02-15,1.0,0.0,2.0,6.0,0.0
Chennai,Tamil Nadu,4681087,India,2020-02-16,0.0,3.0,-2.0,1.0,2.0
Chennai,Tamil Nadu,4681087,India,2020-02-17,-4.0,1.0,-3.0,8.0,2.0
Chennai,Tamil Nadu,4681087,India,2020-02-18,0.0,1.0,-1.0,5.0,1.0
Chennai,Tamil Nadu,4681087,India,2020-02-19,-1.0,1.0,1.0,7.0,1.0
Chennai,Tamil Nadu,4681087,India,2020-02-20,-3.0,0.0,2.0,6.0,1.0
Chennai,Tamil Nadu,4681087,India,2020-02-21,3.0,2.0,8.0,2.0,0.0
Chennai,Tamil Nadu,4681087,India,2020-02-22,0.0,-2.0,3.0,0.0,0.0
Chennai,Tamil Nadu,4681087,India,2020-02-23,-1.0,-2.0,0.0,0.0,2.0
Chennai,Tamil Nadu,4681087,India,2020-02-24,-4.0,0.0,-2.0,8.0,2.0
Chennai,Tamil Nadu,4681087,India,2020-02-25,5.0,0.0,3.0,4.0,0.0
Chennai,Tamil Nadu,4681087,India,2020-02-26,2.0,-1.0,6.0,2.0,-1.0
Chennai,Tamil Nadu,4681087,India,2020-02-27,-5.0,-2.0,-1.0,7.0,2.0
Chennai,Tamil Nadu,4681087,India,2020-02-28,2.0,1.0,1.0,7.0,1.0
Chennai,Tamil Nadu,4681087,India,2020-02-29,3.0,1.0,3.0,10.0,0.0
Chennai,Tamil Nadu,4681087,India,2020-03-01,5.0,4.0,1.0,2.0,1.0
Chennai,Tamil Nadu,4681087,India,2020-03-02,-1.0,3.0,-2.0,8.0,1.0
Chennai,Tamil Nadu,4681087,India,2020-03-03,1.0,3.0,-1.0,5.0,1.0
Chennai,Tamil Nadu,4681087,India,2020-03-04,3.0,6.0,5.0,6.0,0.0
Chennai,Tamil Nadu,4681087,India,2020-03-05,3.0,3.0,5.0,3.0,0.0
Chennai,Tamil Nadu,4681087,India,2020-03-06,4.0,5.0,5.0,4.0,0.0
Chennai,Tamil Nadu,4681087,India,2020-03-07,0.0,2.0,4.0,7.0,0.0
Chennai,Tamil Nadu,4681087,India,2020-03-08,2.0,5.0,1.0,1.0,1.0
Chennai,Tamil Nadu,4681087,India,2020-03-09,-1.0,4.0,0.0,5.0,1.0
Chennai,Tamil Nadu,4681087,India,2020-03-10,1.0,4.0,-1.0,2.0,2.0
Chennai,Tamil Nadu,4681087,India,2020-03-11,-1.0,4.0,2.0,5.0,0.0
Chennai,Tamil Nadu,4681087,India,2020-03-12,-2.0,2.0,0.0,4.0,1.0
Chennai,Tamil Nadu,4681087,India,2020-03-13,0.0,3.0,1.0,4.0,1.0
Chennai,Tamil Nadu,4681087,India,2020-03-14,-4.0,1.0,-3.0,1.0,3.0
Chennai,Tamil Nadu,4681087,India,2020-03-15,-8.0,3.0,-7.0,1.0,3.0
Chennai,Tamil Nadu,4681087,India,2020-03-16,-7.0,5.0,-5.0,5.0,3.0
Chennai,Tamil Nadu,4681087,India,2020-03-17,-8.0,7.0,-5.0,-5.0,4.0
Chennai,Tamil Nadu,4681087,India,2020-03-18,-13.0,10.0,-7.0,-6.0,5.0
Chennai,Tamil Nadu,4681087,India,2020-03-19,-17.0,7.0,-12.0,-7.0,7.0
Chennai,Tamil Nadu,4681087,India,2020-03-20,-18.0,11.0,-14.0,-10.0,7.0
Chennai,Tamil Nadu,4681087,India,2020-03-21,-25.0,17.0,-15.0,-9.0,7.0
Chennai,Tamil Nadu,4681087,India,2020-03-22,-78.0,-79.0,-67.0,-46.0,22.0
Chennai,Tamil Nadu,4681087,India,2020-03-23,-26.0,21.0,-24.0,-29.0,13.0
Chennai,Tamil Nadu,4681087,India,2020-03-24,-41.0,5.0,-31.0,-48.0,17.0
Chennai,Tamil Nadu,4681087,India,2020-03-25,-79.0,-65.0,-70.0,-75.0,34.0
Chennai,Tamil Nadu,4681087,India,2020-03-26,-80.0,-66.0,-71.0,-74.0,37.0
Chennai,Tamil Nadu,4681087,India,2020-03-27,-80.0,-65.0,-71.0,-74.0,36.0
Chennai,Tamil Nadu,4681087,India,2020-03-28,-81.0,-66.0,-71.0,-69.0,32.0
Chennai,Tamil Nadu,4681087,India,2020-03-29,-78.0,-63.0,-68.0,-46.0,24.0
Chennai,Tamil Nadu,4681087,India,2020-03-30,-79.0,-63.0,-71.0,-72.0,36.0
Chennai,Tamil Nadu,4681087,India,2020-03-31,-77.0,-61.0,-68.0,-72.0,33.0
Chennai,Tamil Nadu,4681087,India,2020-04-01,-78.0,-61.0,-68.0,-72.0,34.0
Chennai,Tamil Nadu,4681087,India,2020-04-02,-78.0,-61.0,-68.0,-72.0,35.0
Chennai,Tamil Nadu,4681087,India,2020-04-03,-77.0,-59.0,-68.0,-71.0,35.0
Chennai,Tamil Nadu,4681087,India,2020-04-04,-78.0,-62.0,-68.0,-64.0,31.0
Chennai,Tamil Nadu,4681087,India,2020-04-05,-78.0,-64.0,-67.0,-41.0,23.0
Chennai,Tamil Nadu,4681087,India,2020-04-06,-79.0,-63.0,-70.0,-72.0,36.0
Chennai,Tamil Nadu,4681087,India,2020-04-07,-82.0,-51.0,-61.0,-71.0,33.0
Chennai,Tamil Nadu,4681087,India,2020-04-08,-82.0,-51.0,-61.0,-71.0,33.0
Chennai,Tamil Nadu,4681087,India,2020-04-09,-83.0,-52.0,-62.0,-71.0,36.0
Chennai,Tamil Nadu,4681087,India,2020-04-10,-83.0,-50.0,-63.0,-73.0,36.0
Chennai,Tamil Nadu,4681087,India,2020-04-11,-83.0,-52.0,-62.0,-65.0,32.0
Chennai,Tamil Nadu,4681087,India,2020-04-12,-82.0,-52.0,-60.0,-41.0,23.0
Chennai,Tamil Nadu,4681087,India,2020-04-13,-82.0,-50.0,-63.0,-69.0,36.0
Chennai,Tamil Nadu,4681087,India,2020-04-14,-83.0,-55.0,-64.0,-74.0,36.0
Chennai,Tamil Nadu,4681087,India,2020-04-15,-82.0,-51.0,-60.0,-69.0,34.0
Chennai,Tamil Nadu,4681087,India,2020-04-16,-87.0,-46.0,-59.0,-69.0,36.0
Chennai,Tamil Nadu,4681087,India,2020-04-17,-86.0,-44.0,-59.0,-69.0,36.0
Chennai,Tamil Nadu,4681087,India,2020-04-18,-88.0,-50.0,-60.0,-61.0,31.0
Chennai,Tamil Nadu,4681087,India,2020-04-19,-87.0,-51.0,-59.0,-39.0,23.0
Chennai,Tamil Nadu,4681087,India,2020-04-20,-87.0,-48.0,-61.0,-66.0,35.0
Chennai,Tamil Nadu,4681087,India,2020-04-21,-86.0,-45.0,-59.0,-68.0,33.0
Chennai,Tamil Nadu,4681087,India,2020-04-22,-86.0,-46.0,-59.0,-67.0,33.0
Chennai,Tamil Nadu,4681087,India,2020-04-23,-87.0,-47.0,-60.0,-67.0,36.0
Chennai,Tamil Nadu,4681087,India,2020-04-24,-86.0,-44.0,-60.0,-67.0,35.0
Chennai,Tamil Nadu,4681087,India,2020-04-25,-85.0,-32.0,-57.0,-62.0,30.0
Chennai,Tamil Nadu,4681087,India,2020-04-26,-91.0,-70.0,-67.0,-44.0,26.0
Chennai,Tamil Nadu,4681087,India,2020-04-27,-90.0,-64.0,-67.0,-70.0,39.0
Chennai,Tamil Nadu,4681087,India,2020-04-28,-89.0,-62.0,-64.0,-71.0,35.0
Chennai,Tamil Nadu,4681087,India,2020-04-29,-88.0,-59.0,-62.0,-69.0,35.0
Chennai,Tamil Nadu,4681087,India,2020-04-30,-84.0,-32.0,-56.0,-65.0,34.0
Chennai,Tamil Nadu,4681087,India,2020-05-01,-86.0,-42.0,-60.0,-70.0,36.0
Chennai,Tamil Nadu,4681087,India,2020-05-02,-86.0,-45.0,-59.0,-58.0,30.0
Chennai,Tamil Nadu,4681087,India,2020-05-03,-86.0,-50.0,-59.0,-35.0,22.0
Chennai,Tamil Nadu,4681087,India,2020-05-04,-82.0,-36.0,-56.0,-58.0,32.0
Chennai,Tamil Nadu,4681087,India,2020-05-05,-81.0,-35.0,-54.0,-60.0,31.0
Chennai,Tamil Nadu,4681087,India,2020-05-06,-80.0,-29.0,-50.0,-57.0,29.0
Chennai,Tamil Nadu,4681087,India,2020-05-07,-79.0,-29.0,-49.0,-56.0,30.0
Chennai,Tamil Nadu,4681087,India,2020-05-08,-79.0,-27.0,-50.0,-55.0,29.0
Chennai,Tamil Nadu,4681087,India,2020-05-09,-80.0,-30.0,-50.0,-47.0,26.0
Kolkata,West Bengal,4486679,India,2020-02-15,-3.0,1.0,-1.0,6.0,1.0
Kolkata,West Bengal,4486679,India,2020-02-16,-2.0,1.0,-2.0,2.0,1.0
Kolkata,West Bengal,4486679,India,2020-02-17,-3.0,-2.0,-1.0,3.0,1.0
Kolkata,West Bengal,4486679,India,2020-02-18,-2.0,-1.0,-2.0,2.0,1.0
Kolkata,West Bengal,4486679,India,2020-02-19,-4.0,1.0,3.0,11.0,-1.0
Kolkata,West Bengal,4486679,India,2020-02-20,-3.0,1.0,0.0,6.0,0.0
Kolkata,West Bengal,4486679,India,2020-02-21,-6.0,0.0,-6.0,-7.0,3.0
Kolkata,West Bengal,4486679,India,2020-02-22,-7.0,-3.0,-6.0,0.0,2.0
Kolkata,West Bengal,4486679,India,2020-02-23,-3.0,1.0,-3.0,3.0,1.0
Kolkata,West Bengal,4486679,India,2020-02-24,-5.0,-3.0,-3.0,2.0,1.0
Kolkata,West Bengal,4486679,India,2020-02-25,-10.0,-11.0,-8.0,-1.0,3.0
Kolkata,West Bengal,4486679,India,2020-02-26,-2.0,2.0,5.0,9.0,-2.0
Kolkata,West Bengal,4486679,India,2020-02-27,-1.0,1.0,1.0,6.0,0.0
Kolkata,West Bengal,4486679,India,2020-02-28,-1.0,2.0,2.0,6.0,0.0
Kolkata,West Bengal,4486679,India,2020-02-29,-3.0,2.0,0.0,9.0,0.0
Kolkata,West Bengal,4486679,India,2020-03-01,-2.0,5.0,0.0,4.0,1.0
Kolkata,West Bengal,4486679,India,2020-03-02,-2.0,1.0,0.0,3.0,0.0
Kolkata,West Bengal,4486679,India,2020-03-03,-8.0,-8.0,-4.0,2.0,1.0
Kolkata,West Bengal,4486679,India,2020-03-04,0.0,7.0,7.0,11.0,-2.0
Kolkata,West Bengal,4486679,India,2020-03-05,0.0,5.0,3.0,6.0,0.0
Kolkata,West Bengal,4486679,India,2020-03-06,-1.0,5.0,4.0,6.0,0.0
Kolkata,West Bengal,4486679,India,2020-03-07,-2.0,5.0,4.0,7.0,0.0
Kolkata,West Bengal,4486679,India,2020-03-08,5.0,15.0,7.0,5.0,-1.0
Kolkata,West Bengal,4486679,India,2020-03-09,-22.0,-20.0,-33.0,-51.0,13.0
Kolkata,West Bengal,4486679,India,2020-03-10,-15.0,-15.0,-19.0,-36.0,7.0
Kolkata,West Bengal,4486679,India,2020-03-11,-3.0,3.0,6.0,5.0,-3.0
Kolkata,West Bengal,4486679,India,2020-03-12,-3.0,2.0,1.0,4.0,-1.0
Kolkata,West Bengal,4486679,India,2020-03-13,-4.0,1.0,0.0,3.0,0.0
Kolkata,West Bengal,4486679,India,2020-03-14,-9.0,-4.0,-6.0,1.0,1.0
Kolkata,West Bengal,4486679,India,2020-03-15,-6.0,1.0,-5.0,3.0,2.0
Kolkata,West Bengal,4486679,India,2020-03-16,-6.0,-1.0,-5.0,-2.0,2.0
Kolkata,West Bengal,4486679,India,2020-03-17,-8.0,-2.0,-10.0,-7.0,3.0
Kolkata,West Bengal,4486679,India,2020-03-18,-10.0,2.0,-6.0,1.0,2.0
Kolkata,West Bengal,4486679,India,2020-03-19,-13.0,2.0,-14.0,-5.0,4.0
Kolkata,West Bengal,4486679,India,2020-03-20,-19.0,-1.0,-18.0,-9.0,6.0
Kolkata,West Bengal,4486679,India,2020-03-21,-29.0,-5.0,-24.0,-8.0,7.0
Kolkata,West Bengal,4486679,India,2020-03-22,-66.0,-63.0,-65.0,-39.0,18.0
Kolkata,West Bengal,4486679,India,2020-03-23,-42.0,-14.0,-50.0,-41.0,16.0
Kolkata,West Bengal,4486679,India,2020-03-24,-67.0,-56.0,-73.0,-64.0,26.0
Kolkata,West Bengal,4486679,India,2020-03-25,-71.0,-58.0,-75.0,-65.0,26.0
Kolkata,West Bengal,4486679,India,2020-03-26,-71.0,-61.0,-77.0,-66.0,28.0
Kolkata,West Bengal,4486679,India,2020-03-27,-71.0,-60.0,-76.0,-65.0,28.0
Kolkata,West Bengal,4486679,India,2020-03-28,-72.0,-62.0,-77.0,-60.0,27.0
Kolkata,West Bengal,4486679,India,2020-03-29,-71.0,-60.0,-74.0,-41.0,22.0
Kolkata,West Bengal,4486679,India,2020-03-30,-70.0,-62.0,-77.0,-64.0,29.0
Kolkata,West Bengal,4486679,India,2020-03-31,-69.0,-60.0,-76.0,-64.0,27.0
Kolkata,West Bengal,4486679,India,2020-04-01,-69.0,-59.0,-75.0,-62.0,25.0
Kolkata,West Bengal,4486679,India,2020-04-02,-68.0,-58.0,-75.0,-62.0,26.0
Kolkata,West Bengal,4486679,India,2020-04-03,-68.0,-58.0,-75.0,-62.0,27.0
Kolkata,West Bengal,4486679,India,2020-04-04,-70.0,-59.0,-75.0,-55.0,25.0
Kolkata,West Bengal,4486679,India,2020-04-05,-69.0,-57.0,-73.0,-37.0,20.0
Kolkata,West Bengal,4486679,India,2020-04-06,-68.0,-58.0,-75.0,-62.0,27.0
Kolkata,West Bengal,4486679,India,2020-04-07,-69.0,-48.0,-71.0,-62.0,26.0
Kolkata,West Bengal,4486679,India,2020-04-08,-70.0,-46.0,-70.0,-60.0,24.0
Kolkata,West Bengal,4486679,India,2020-04-09,-69.0,-46.0,-71.0,-61.0,26.0
Kolkata,West Bengal,4486679,India,2020-04-10,-70.0,-47.0,-71.0,-63.0,27.0
Kolkata,West Bengal,4486679,India,2020-04-11,-71.0,-47.0,-71.0,-56.0,26.0
Kolkata,West Bengal,4486679,India,2020-04-12,-70.0,-46.0,-68.0,-37.0,20.0
Kolkata,West Bengal,4486679,India,2020-04-13,-69.0,-48.0,-72.0,-61.0,28.0
Kolkata,West Bengal,4486679,India,2020-04-14,-69.0,-49.0,-72.0,-64.0,27.0
Kolkata,West Bengal,4486679,India,2020-04-15,-72.0,-48.0,-70.0,-58.0,25.0
Kolkata,West Bengal,4486679,India,2020-04-16,-85.0,-37.0,-70.0,-60.0,26.0
Kolkata,West Bengal,4486679,India,2020-04-17,-85.0,-39.0,-70.0,-60.0,27.0
Kolkata,West Bengal,4486679,India,2020-04-18,-87.0,-45.0,-71.0,-55.0,25.0
Kolkata,West Bengal,4486679,India,2020-04-19,-87.0,-43.0,-68.0,-38.0,21.0
Kolkata,West Bengal,4486679,India,2020-04-20,-86.0,-45.0,-72.0,-60.0,27.0
Kolkata,West Bengal,4486679,India,2020-04-21,-87.0,-49.0,-73.0,-63.0,27.0
Kolkata,West Bengal,4486679,India,2020-04-22,-86.0,-41.0,-69.0,-58.0,24.0
Kolkata,West Bengal,4486679,India,2020-04-23,-86.0,-44.0,-71.0,-60.0,27.0
Kolkata,West Bengal,4486679,India,2020-04-24,-86.0,-43.0,-71.0,-60.0,27.0
Kolkata,West Bengal,4486679,India,2020-04-25,-87.0,-44.0,-71.0,-56.0,26.0
Kolkata,West Bengal,4486679,India,2020-04-26,-86.0,-43.0,-68.0,-37.0,22.0
Kolkata,West Bengal,4486679,India,2020-04-27,-86.0,-45.0,-72.0,-60.0,29.0
Kolkata,West Bengal,4486679,India,2020-04-28,-86.0,-46.0,-72.0,-61.0,27.0
Kolkata,West Bengal,4486679,India,2020-04-29,-85.0,-38.0,-67.0,-56.0,25.0
Kolkata,West Bengal,4486679,India,2020-04-30,-86.0,-38.0,-68.0,-57.0,26.0
Kolkata,West Bengal,4486679,India,2020-05-01,-88.0,-45.0,-72.0,-63.0,28.0
Kolkata,West Bengal,4486679,India,2020-05-02,-87.0,-40.0,-68.0,-51.0,25.0
Kolkata,West Bengal,4486679,India,2020-05-03,-86.0,-38.0,-66.0,-34.0,20.0
Kolkata,West Bengal,4486679,India,2020-05-04,-85.0,-38.0,-68.0,-56.0,26.0
Kolkata,West Bengal,4486679,India,2020-05-05,-84.0,-37.0,-67.0,-56.0,25.0
Kolkata,West Bengal,4486679,India,2020-05-06,-83.0,-32.0,-64.0,-52.0,22.0
Kolkata,West Bengal,4486679,India,2020-05-07,-83.0,-32.0,-66.0,-56.0,25.0
Kolkata,West Bengal,4486679,India,2020-05-08,-83.0,-32.0,-66.0,-55.0,25.0
Kolkata,West Bengal,4486679,India,2020-05-09,-84.0,-35.0,-66.0,-48.0,23.0
Jaipur,Rajasthan,3046163,India,2020-02-15,2.0,2.0,4.0,5.0,-1.0
Jaipur,Rajasthan,3046163,India,2020-02-16,3.0,1.0,3.0,0.0,-1.0
Jaipur,Rajasthan,3046163,India,2020-02-17,2.0,1.0,4.0,3.0,-2.0
Jaipur,Rajasthan,3046163,India,2020-02-18,3.0,4.0,5.0,5.0,-1.0
Jaipur,Rajasthan,3046163,India,2020-02-19,3.0,5.0,4.0,7.0,0.0
Jaipur,Rajasthan,3046163,India,2020-02-20,2.0,6.0,8.0,5.0,-1.0
Jaipur,Rajasthan,3046163,India,2020-02-21,-3.0,1.0,-2.0,-17.0,4.0
Jaipur,Rajasthan,3046163,India,2020-02-22,0.0,1.0,1.0,1.0,0.0
Jaipur,Rajasthan,3046163,India,2020-02-23,-1.0,1.0,4.0,-1.0,1.0
Jaipur,Rajasthan,3046163,India,2020-02-24,3.0,3.0,8.0,1.0,-2.0
Jaipur,Rajasthan,3046163,India,2020-02-25,6.0,3.0,9.0,-3.0,-3.0
Jaipur,Rajasthan,3046163,India,2020-02-26,5.0,2.0,8.0,0.0,-3.0
Jaipur,Rajasthan,3046163,India,2020-02-27,1.0,2.0,5.0,2.0,-1.0
Jaipur,Rajasthan,3046163,India,2020-02-28,0.0,1.0,3.0,4.0,-1.0
Jaipur,Rajasthan,3046163,India,2020-02-29,-1.0,0.0,4.0,7.0,-1.0
Jaipur,Rajasthan,3046163,India,2020-03-01,-1.0,1.0,4.0,5.0,0.0
Jaipur,Rajasthan,3046163,India,2020-03-02,2.0,4.0,5.0,4.0,-1.0
Jaipur,Rajasthan,3046163,India,2020-03-03,1.0,4.0,6.0,6.0,0.0
Jaipur,Rajasthan,3046163,India,2020-03-04,1.0,6.0,6.0,7.0,0.0
Jaipur,Rajasthan,3046163,India,2020-03-05,-4.0,1.0,3.0,4.0,1.0
Jaipur,Rajasthan,3046163,India,2020-03-06,-5.0,0.0,2.0,5.0,1.0
Jaipur,Rajasthan,3046163,India,2020-03-07,2.0,8.0,14.0,6.0,-1.0
Jaipur,Rajasthan,3046163,India,2020-03-08,1.0,10.0,12.0,5.0,-2.0
Jaipur,Rajasthan,3046163,India,2020-03-09,-3.0,8.0,-2.0,-25.0,3.0
Jaipur,Rajasthan,3046163,India,2020-03-10,-34.0,-40.0,-31.0,-64.0,11.0
Jaipur,Rajasthan,3046163,India,2020-03-11,-3.0,2.0,9.0,-12.0,-2.0
Jaipur,Rajasthan,3046163,India,2020-03-12,-3.0,2.0,8.0,-2.0,-1.0
Jaipur,Rajasthan,3046163,India,2020-03-13,-4.0,3.0,3.0,1.0,0.0
Jaipur,Rajasthan,3046163,India,2020-03-14,-5.0,3.0,1.0,-2.0,1.0
Jaipur,Rajasthan,3046163,India,2020-03-15,-12.0,-4.0,-4.0,0.0,2.0
Jaipur,Rajasthan,3046163,India,2020-03-16,-9.0,-6.0,-4.0,-11.0,2.0
Jaipur,Rajasthan,3046163,India,2020-03-17,-8.0,-1.0,-2.0,-4.0,0.0
Jaipur,Rajasthan,3046163,India,2020-03-18,-8.0,0.0,-5.0,-2.0,1.0
Jaipur,Rajasthan,3046163,India,2020-03-19,-12.0,4.0,-7.0,-5.0,2.0
Jaipur,Rajasthan,3046163,India,2020-03-20,-22.0,-1.0,-12.0,-8.0,4.0
Jaipur,Rajasthan,3046163,India,2020-03-21,-38.0,-14.0,-24.0,-20.0,7.0
Jaipur,Rajasthan,3046163,India,2020-03-22,-75.0,-74.0,-71.0,-51.0,20.0
Jaipur,Rajasthan,3046163,India,2020-03-23,-63.0,-50.0,-62.0,-55.0,18.0
Jaipur,Rajasthan,3046163,India,2020-03-24,-71.0,-61.0,-69.0,-63.0,23.0
Jaipur,Rajasthan,3046163,India,2020-03-25,-74.0,-65.0,-72.0,-66.0,25.0
Jaipur,Rajasthan,3046163,India,2020-03-26,-74.0,-65.0,-72.0,-65.0,25.0
Jaipur,Rajasthan,3046163,India,2020-03-27,-74.0,-65.0,-72.0,-64.0,25.0
Jaipur,Rajasthan,3046163,India,2020-03-28,-74.0,-65.0,-72.0,-63.0,25.0
Jaipur,Rajasthan,3046163,India,2020-03-29,-74.0,-66.0,-72.0,-48.0,20.0
Jaipur,Rajasthan,3046163,India,2020-03-30,-73.0,-64.0,-72.0,-63.0,24.0
Jaipur,Rajasthan,3046163,India,2020-03-31,-73.0,-63.0,-72.0,-62.0,23.0
Jaipur,Rajasthan,3046163,India,2020-04-01,-73.0,-64.0,-72.0,-63.0,24.0
Jaipur,Rajasthan,3046163,India,2020-04-02,-74.0,-65.0,-73.0,-65.0,25.0
Jaipur,Rajasthan,3046163,India,2020-04-03,-74.0,-64.0,-72.0,-61.0,24.0
Jaipur,Rajasthan,3046163,India,2020-04-04,-74.0,-64.0,-72.0,-59.0,24.0
Jaipur,Rajasthan,3046163,India,2020-04-05,-74.0,-66.0,-73.0,-44.0,19.0
Jaipur,Rajasthan,3046163,India,2020-04-06,-74.0,-64.0,-73.0,-64.0,25.0
Jaipur,Rajasthan,3046163,India,2020-04-07,-74.0,-51.0,-67.0,-62.0,23.0
Jaipur,Rajasthan,3046163,India,2020-04-08,-74.0,-51.0,-68.0,-61.0,24.0
Jaipur,Rajasthan,3046163,India,2020-04-09,-75.0,-52.0,-68.0,-62.0,26.0
Jaipur,Rajasthan,3046163,India,2020-04-10,-75.0,-51.0,-69.0,-62.0,26.0
Jaipur,Rajasthan,3046163,India,2020-04-11,-75.0,-52.0,-69.0,-61.0,26.0
Jaipur,Rajasthan,3046163,India,2020-04-12,-76.0,-54.0,-70.0,-45.0,21.0
Jaipur,Rajasthan,3046163,India,2020-04-13,-75.0,-53.0,-69.0,-61.0,26.0
Jaipur,Rajasthan,3046163,India,2020-04-14,-74.0,-51.0,-67.0,-62.0,25.0
Jaipur,Rajasthan,3046163,India,2020-04-15,-74.0,-46.0,-66.0,-58.0,25.0
Jaipur,Rajasthan,3046163,India,2020-04-16,-83.0,-35.0,-65.0,-60.0,26.0
Jaipur,Rajasthan,3046163,India,2020-04-17,-83.0,-35.0,-66.0,-59.0,26.0
Jaipur,Rajasthan,3046163,India,2020-04-18,-83.0,-40.0,-67.0,-57.0,25.0
Jaipur,Rajasthan,3046163,India,2020-04-19,-84.0,-44.0,-68.0,-43.0,21.0
Jaipur,Rajasthan,3046163,India,2020-04-20,-83.0,-41.0,-66.0,-58.0,25.0
Jaipur,Rajasthan,3046163,India,2020-04-21,-82.0,-37.0,-64.0,-57.0,24.0
Jaipur,Rajasthan,3046163,India,2020-04-22,-83.0,-38.0,-65.0,-57.0,24.0
Jaipur,Rajasthan,3046163,India,2020-04-23,-83.0,-40.0,-66.0,-58.0,26.0
Jaipur,Rajasthan,3046163,India,2020-04-24,-83.0,-37.0,-66.0,-56.0,25.0
Jaipur,Rajasthan,3046163,India,2020-04-25,-83.0,-39.0,-67.0,-56.0,26.0
Jaipur,Rajasthan,3046163,India,2020-04-26,-83.0,-43.0,-67.0,-40.0,21.0
Jaipur,Rajasthan,3046163,India,2020-04-27,-82.0,-38.0,-65.0,-56.0,25.0
Jaipur,Rajasthan,3046163,India,2020-04-28,-82.0,-35.0,-63.0,-55.0,23.0
Jaipur,Rajasthan,3046163,India,2020-04-29,-81.0,-33.0,-62.0,-54.0,24.0
Jaipur,Rajasthan,3046163,India,2020-04-30,-81.0,-34.0,-62.0,-54.0,24.0
Jaipur,Rajasthan,3046163,India,2020-05-01,-82.0,-34.0,-63.0,-54.0,24.0
Jaipur,Rajasthan,3046163,India,2020-05-02,-81.0,-32.0,-62.0,-51.0,24.0
Jaipur,Rajasthan,3046163,India,2020-05-03,-82.0,-37.0,-64.0,-36.0,19.0
Jaipur,Rajasthan,3046163,India,2020-05-04,-78.0,-28.0,-58.0,-48.0,21.0
Jaipur,Rajasthan,3046163,India,2020-05-05,-78.0,-24.0,-56.0,-47.0,20.0
Jaipur,Rajasthan,3046163,India,2020-05-06,-77.0,-22.0,-55.0,-45.0,21.0
Jaipur,Rajasthan,3046163,India,2020-05-07,-77.0,-22.0,-55.0,-46.0,21.0
Jaipur,Rajasthan,3046163,India,2020-05-08,-77.0,-21.0,-56.0,-44.0,21.0
Jaipur,Rajasthan,3046163,India,2020-05-09,-79.0,-25.0,-58.0,-46.0,22.0
Kanpur,Uttar Pradesh,2765348,India,2020-02-15,4.0,6.0,5.0,3.0,-1.0
Kanpur,Uttar Pradesh,2765348,India,2020-02-16,6.0,9.0,9.0,-1.0,-1.0
Kanpur,Uttar Pradesh,2765348,India,2020-02-17,3.0,7.0,8.0,3.0,-2.0
Kanpur,Uttar Pradesh,2765348,India,2020-02-18,6.0,7.0,8.0,2.0,-1.0
Kanpur,Uttar Pradesh,2765348,India,2020-02-19,2.0,6.0,5.0,3.0,-1.0
Kanpur,Uttar Pradesh,2765348,India,2020-02-20,4.0,6.0,11.0,4.0,-2.0
Kanpur,Uttar Pradesh,2765348,India,2020-02-21,-7.0,-5.0,-5.0,-22.0,5.0
Kanpur,Uttar Pradesh,2765348,India,2020-02-22,1.0,3.0,-1.0,-1.0,0.0
Kanpur,Uttar Pradesh,2765348,India,2020-02-23,2.0,6.0,5.0,3.0,0.0
Kanpur,Uttar Pradesh,2765348,India,2020-02-24,0.0,4.0,6.0,2.0,-1.0
Kanpur,Uttar Pradesh,2765348,India,2020-02-25,5.0,5.0,7.0,-1.0,-1.0
Kanpur,Uttar Pradesh,2765348,India,2020-02-26,2.0,3.0,5.0,-2.0,-2.0
Kanpur,Uttar Pradesh,2765348,India,2020-02-27,2.0,3.0,6.0,2.0,-2.0
Kanpur,Uttar Pradesh,2765348,India,2020-02-28,1.0,3.0,5.0,2.0,-2.0
Kanpur,Uttar Pradesh,2765348,India,2020-02-29,-2.0,-1.0,1.0,4.0,0.0
Kanpur,Uttar Pradesh,2765348,India,2020-03-01,3.0,9.0,4.0,3.0,0.0
Kanpur,Uttar Pradesh,2765348,India,2020-03-02,4.0,8.0,6.0,2.0,-1.0
Kanpur,Uttar Pradesh,2765348,India,2020-03-03,3.0,8.0,7.0,3.0,-1.0
Kanpur,Uttar Pradesh,2765348,India,2020-03-04,1.0,8.0,4.0,4.0,0.0
Kanpur,Uttar Pradesh,2765348,India,2020-03-05,1.0,8.0,7.0,5.0,-1.0
Kanpur,Uttar Pradesh,2765348,India,2020-03-06,-3.0,0.0,8.0,1.0,1.0
Kanpur,Uttar Pradesh,2765348,India,2020-03-07,8.0,14.0,18.0,4.0,-2.0
Kanpur,Uttar Pradesh,2765348,India,2020-03-08,11.0,21.0,18.0,6.0,-2.0
Kanpur,Uttar Pradesh,2765348,India,2020-03-09,7.0,21.0,0.0,-27.0,4.0
Kanpur,Uttar Pradesh,2765348,India,2020-03-10,-40.0,-44.0,-41.0,-65.0,15.0
Kanpur,Uttar Pradesh,2765348,India,2020-03-11,-8.0,-6.0,-2.0,-30.0,2.0
Kanpur,Uttar Pradesh,2765348,India,2020-03-12,2.0,4.0,11.0,-6.0,-2.0
Kanpur,Uttar Pradesh,2765348,India,2020-03-13,-5.0,-2.0,3.0,-3.0,0.0
Kanpur,Uttar Pradesh,2765348,India,2020-03-14,-5.0,-1.0,-2.0,-9.0,2.0
Kanpur,Uttar Pradesh,2765348,India,2020-03-15,-7.0,1.0,2.0,1.0,1.0
Kanpur,Uttar Pradesh,2765348,India,2020-03-16,-2.0,6.0,4.0,-4.0,1.0
Kanpur,Uttar Pradesh,2765348,India,2020-03-17,-3.0,4.0,-1.0,-6.0,1.0
Kanpur,Uttar Pradesh,2765348,India,2020-03-18,-7.0,4.0,-5.0,-6.0,2.0
Kanpur,Uttar Pradesh,2765348,India,2020-03-19,-9.0,5.0,-8.0,-7.0,2.0
Kanpur,Uttar Pradesh,2765348,India,2020-03-20,-14.0,3.0,-13.0,-11.0,3.0
Kanpur,Uttar Pradesh,2765348,India,2020-03-21,-27.0,-5.0,-24.0,-17.0,6.0
Kanpur,Uttar Pradesh,2765348,India,2020-03-22,-73.0,-71.0,-68.0,-47.0,18.0
Kanpur,Uttar Pradesh,2765348,India,2020-03-23,-50.0,-33.0,-58.0,-49.0,18.0
Kanpur,Uttar Pradesh,2765348,India,2020-03-24,-57.0,-41.0,-65.0,-57.0,20.0
Kanpur,Uttar Pradesh,2765348,India,2020-03-25,-71.0,-63.0,-76.0,-65.0,25.0
Kanpur,Uttar Pradesh,2765348,India,2020-03-26,-70.0,-61.0,-75.0,-63.0,24.0
Kanpur,Uttar Pradesh,2765348,India,2020-03-27,-71.0,-63.0,-75.0,-63.0,25.0
Kanpur,Uttar Pradesh,2765348,India,2020-03-28,-70.0,-62.0,-73.0,-60.0,24.0
Kanpur,Uttar Pradesh,2765348,India,2020-03-29,-70.0,-62.0,-72.0,-42.0,18.0
Kanpur,Uttar Pradesh,2765348,India,2020-03-30,-69.0,-60.0,-75.0,-61.0,24.0
Kanpur,Uttar Pradesh,2765348,India,2020-03-31,-68.0,-60.0,-75.0,-61.0,23.0
Kanpur,Uttar Pradesh,2765348,India,2020-04-01,-70.0,-62.0,-76.0,-62.0,24.0
Kanpur,Uttar Pradesh,2765348,India,2020-04-02,-70.0,-62.0,-76.0,-61.0,24.0
Kanpur,Uttar Pradesh,2765348,India,2020-04-03,-69.0,-60.0,-75.0,-59.0,23.0
Kanpur,Uttar Pradesh,2765348,India,2020-04-04,-70.0,-61.0,-76.0,-55.0,23.0
Kanpur,Uttar Pradesh,2765348,India,2020-04-05,-70.0,-62.0,-74.0,-38.0,17.0
Kanpur,Uttar Pradesh,2765348,India,2020-04-06,-69.0,-58.0,-76.0,-60.0,24.0
Kanpur,Uttar Pradesh,2765348,India,2020-04-07,-69.0,-46.0,-72.0,-60.0,23.0
Kanpur,Uttar Pradesh,2765348,India,2020-04-08,-68.0,-39.0,-71.0,-61.0,24.0
Kanpur,Uttar Pradesh,2765348,India,2020-04-09,-72.0,-51.0,-74.0,-62.0,26.0
Kanpur,Uttar Pradesh,2765348,India,2020-04-10,-72.0,-50.0,-74.0,-62.0,26.0
Kanpur,Uttar Pradesh,2765348,India,2020-04-11,-72.0,-51.0,-74.0,-59.0,25.0
Kanpur,Uttar Pradesh,2765348,India,2020-04-12,-72.0,-51.0,-73.0,-41.0,19.0
Kanpur,Uttar Pradesh,2765348,India,2020-04-13,-71.0,-47.0,-73.0,-59.0,26.0
Kanpur,Uttar Pradesh,2765348,India,2020-04-14,-70.0,-47.0,-72.0,-61.0,24.0
Kanpur,Uttar Pradesh,2765348,India,2020-04-15,-70.0,-42.0,-71.0,-58.0,24.0
Kanpur,Uttar Pradesh,2765348,India,2020-04-16,-81.0,-32.0,-70.0,-58.0,24.0
Kanpur,Uttar Pradesh,2765348,India,2020-04-17,-82.0,-32.0,-71.0,-58.0,25.0
Kanpur,Uttar Pradesh,2765348,India,2020-04-18,-83.0,-39.0,-72.0,-55.0,24.0
Kanpur,Uttar Pradesh,2765348,India,2020-04-19,-84.0,-40.0,-71.0,-39.0,18.0
Kanpur,Uttar Pradesh,2765348,India,2020-04-20,-83.0,-36.0,-71.0,-57.0,25.0
Kanpur,Uttar Pradesh,2765348,India,2020-04-21,-82.0,-35.0,-71.0,-58.0,24.0
Kanpur,Uttar Pradesh,2765348,India,2020-04-22,-83.0,-36.0,-71.0,-58.0,25.0
Kanpur,Uttar Pradesh,2765348,India,2020-04-23,-83.0,-36.0,-71.0,-58.0,25.0
Kanpur,Uttar Pradesh,2765348,India,2020-04-24,-83.0,-35.0,-71.0,-57.0,25.0
Kanpur,Uttar Pradesh,2765348,India,2020-04-25,-84.0,-39.0,-72.0,-55.0,25.0
Kanpur,Uttar Pradesh,2765348,India,2020-04-26,-84.0,-42.0,-72.0,-39.0,20.0
Kanpur,Uttar Pradesh,2765348,India,2020-04-27,-83.0,-37.0,-72.0,-57.0,26.0
Kanpur,Uttar Pradesh,2765348,India,2020-04-28,-82.0,-34.0,-70.0,-57.0,24.0
Kanpur,Uttar Pradesh,2765348,India,2020-04-29,-82.0,-35.0,-70.0,-57.0,25.0
Kanpur,Uttar Pradesh,2765348,India,2020-04-30,-82.0,-36.0,-70.0,-56.0,25.0
Kanpur,Uttar Pradesh,2765348,India,2020-05-01,-83.0,-37.0,-70.0,-56.0,24.0
Kanpur,Uttar Pradesh,2765348,India,2020-05-02,-82.0,-36.0,-70.0,-51.0,23.0
Kanpur,Uttar Pradesh,2765348,India,2020-05-03,-83.0,-38.0,-69.0,-36.0,18.0
Kanpur,Uttar Pradesh,2765348,India,2020-05-04,-79.0,-27.0,-67.0,-51.0,23.0
Kanpur,Uttar Pradesh,2765348,India,2020-05-05,-79.0,-27.0,-66.0,-51.0,22.0
Kanpur,Uttar Pradesh,2765348,India,2020-05-06,-78.0,-23.0,-64.0,-49.0,21.0
Kanpur,Uttar Pradesh,2765348,India,2020-05-07,-78.0,-24.0,-63.0,-52.0,22.0
Kanpur,Uttar Pradesh,2765348,India,2020-05-08,-76.0,-20.0,-61.0,-46.0,21.0
Kanpur,Uttar Pradesh,2765348,India,2020-05-09,-78.0,-24.0,-64.0,-46.0,21.0
Lucknow,Uttar Pradesh,2317105,India,2020-02-15,4.0,6.0,5.0,3.0,-1.0
Lucknow,Uttar Pradesh,2317105,India,2020-02-16,6.0,9.0,9.0,-1.0,-1.0
Lucknow,Uttar Pradesh,2317105,India,2020-02-17,3.0,7.0,8.0,3.0,-2.0
Lucknow,Uttar Pradesh,2317105,India,2020-02-18,6.0,7.0,8.0,2.0,-1.0
Lucknow,Uttar Pradesh,2317105,India,2020-02-19,2.0,6.0,5.0,3.0,-1.0
Lucknow,Uttar Pradesh,2317105,India,2020-02-20,4.0,6.0,11.0,4.0,-2.0
Lucknow,Uttar Pradesh,2317105,India,2020-02-21,-7.0,-5.0,-5.0,-22.0,5.0
Lucknow,Uttar Pradesh,2317105,India,2020-02-22,1.0,3.0,-1.0,-1.0,0.0
Lucknow,Uttar Pradesh,2317105,India,2020-02-23,2.0,6.0,5.0,3.0,0.0
Lucknow,Uttar Pradesh,2317105,India,2020-02-24,0.0,4.0,6.0,2.0,-1.0
Lucknow,Uttar Pradesh,2317105,India,2020-02-25,5.0,5.0,7.0,-1.0,-1.0
Lucknow,Uttar Pradesh,2317105,India,2020-02-26,2.0,3.0,5.0,-2.0,-2.0
Lucknow,Uttar Pradesh,2317105,India,2020-02-27,2.0,3.0,6.0,2.0,-2.0
Lucknow,Uttar Pradesh,2317105,India,2020-02-28,1.0,3.0,5.0,2.0,-2.0
Lucknow,Uttar Pradesh,2317105,India,2020-02-29,-2.0,-1.0,1.0,4.0,0.0
Lucknow,Uttar Pradesh,2317105,India,2020-03-01,3.0,9.0,4.0,3.0,0.0
Lucknow,Uttar Pradesh,2317105,India,2020-03-02,4.0,8.0,6.0,2.0,-1.0
Lucknow,Uttar Pradesh,2317105,India,2020-03-03,3.0,8.0,7.0,3.0,-1.0
Lucknow,Uttar Pradesh,2317105,India,2020-03-04,1.0,8.0,4.0,4.0,0.0
Lucknow,Uttar Pradesh,2317105,India,2020-03-05,1.0,8.0,7.0,5.0,-1.0
Lucknow,Uttar Pradesh,2317105,India,2020-03-06,-3.0,0.0,8.0,1.0,1.0
Lucknow,Uttar Pradesh,2317105,India,2020-03-07,8.0,14.0,18.0,4.0,-2.0
Lucknow,Uttar Pradesh,2317105,India,2020-03-08,11.0,21.0,18.0,6.0,-2.0
Lucknow,Uttar Pradesh,2317105,India,2020-03-09,7.0,21.0,0.0,-27.0,4.0
Lucknow,Uttar Pradesh,2317105,India,2020-03-10,-40.0,-44.0,-41.0,-65.0,15.0
Lucknow,Uttar Pradesh,2317105,India,2020-03-11,-8.0,-6.0,-2.0,-30.0,2.0
Lucknow,Uttar Pradesh,2317105,India,2020-03-12,2.0,4.0,11.0,-6.0,-2.0
Lucknow,Uttar Pradesh,2317105,India,2020-03-13,-5.0,-2.0,3.0,-3.0,0.0
Lucknow,Uttar Pradesh,2317105,India,2020-03-14,-5.0,-1.0,-2.0,-9.0,2.0
Lucknow,Uttar Pradesh,2317105,India,2020-03-15,-7.0,1.0,2.0,1.0,1.0
Lucknow,Uttar Pradesh,2317105,India,2020-03-16,-2.0,6.0,4.0,-4.0,1.0
Lucknow,Uttar Pradesh,2317105,India,2020-03-17,-3.0,4.0,-1.0,-6.0,1.0
Lucknow,Uttar Pradesh,2317105,India,2020-03-18,-7.0,4.0,-5.0,-6.0,2.0
Lucknow,Uttar Pradesh,2317105,India,2020-03-19,-9.0,5.0,-8.0,-7.0,2.0
Lucknow,Uttar Pradesh,2317105,India,2020-03-20,-14.0,3.0,-13.0,-11.0,3.0
Lucknow,Uttar Pradesh,2317105,India,2020-03-21,-27.0,-5.0,-24.0,-17.0,6.0
Lucknow,Uttar Pradesh,2317105,India,2020-03-22,-73.0,-71.0,-68.0,-47.0,18.0
Lucknow,Uttar Pradesh,2317105,India,2020-03-23,-50.0,-33.0,-58.0,-49.0,18.0
Lucknow,Uttar Pradesh,2317105,India,2020-03-24,-57.0,-41.0,-65.0,-57.0,20.0
Lucknow,Uttar Pradesh,2317105,India,2020-03-25,-71.0,-63.0,-76.0,-65.0,25.0
Lucknow,Uttar Pradesh,2317105,India,2020-03-26,-70.0,-61.0,-75.0,-63.0,24.0
Lucknow,Uttar Pradesh,2317105,India,2020-03-27,-71.0,-63.0,-75.0,-63.0,25.0
Lucknow,Uttar Pradesh,2317105,India,2020-03-28,-70.0,-62.0,-73.0,-60.0,24.0
Lucknow,Uttar Pradesh,2317105,India,2020-03-29,-70.0,-62.0,-72.0,-42.0,18.0
Lucknow,Uttar Pradesh,2317105,India,2020-03-30,-69.0,-60.0,-75.0,-61.0,24.0
Lucknow,Uttar Pradesh,2317105,India,2020-03-31,-68.0,-60.0,-75.0,-61.0,23.0
Lucknow,Uttar Pradesh,2317105,India,2020-04-01,-70.0,-62.0,-76.0,-62.0,24.0
Lucknow,Uttar Pradesh,2317105,India,2020-04-02,-70.0,-62.0,-76.0,-61.0,24.0
Lucknow,Uttar Pradesh,2317105,India,2020-04-03,-69.0,-60.0,-75.0,-59.0,23.0
Lucknow,Uttar Pradesh,2317105,India,2020-04-04,-70.0,-61.0,-76.0,-55.0,23.0
Lucknow,Uttar Pradesh,2317105,India,2020-04-05,-70.0,-62.0,-74.0,-38.0,17.0
Lucknow,Uttar Pradesh,2317105,India,2020-04-06,-69.0,-58.0,-76.0,-60.0,24.0
Lucknow,Uttar Pradesh,2317105,India,2020-04-07,-69.0,-46.0,-72.0,-60.0,23.0
Lucknow,Uttar Pradesh,2317105,India,2020-04-08,-68.0,-39.0,-71.0,-61.0,24.0
Lucknow,Uttar Pradesh,2317105,India,2020-04-09,-72.0,-51.0,-74.0,-62.0,26.0
Lucknow,Uttar Pradesh,2317105,India,2020-04-10,-72.0,-50.0,-74.0,-62.0,26.0
Lucknow,Uttar Pradesh,2317105,India,2020-04-11,-72.0,-51.0,-74.0,-59.0,25.0
Lucknow,Uttar Pradesh,2317105,India,2020-04-12,-72.0,-51.0,-73.0,-41.0,19.0
Lucknow,Uttar Pradesh,2317105,India,2020-04-13,-71.0,-47.0,-73.0,-59.0,26.0
Lucknow,Uttar Pradesh,2317105,India,2020-04-14,-70.0,-47.0,-72.0,-61.0,24.0
Lucknow,Uttar Pradesh,2317105,India,2020-04-15,-70.0,-42.0,-71.0,-58.0,24.0
Lucknow,Uttar Pradesh,2317105,India,2020-04-16,-81.0,-32.0,-70.0,-58.0,24.0
Lucknow,Uttar Pradesh,2317105,India,2020-04-17,-82.0,-32.0,-71.0,-58.0,25.0
Lucknow,Uttar Pradesh,2317105,India,2020-04-18,-83.0,-39.0,-72.0,-55.0,24.0
Lucknow,Uttar Pradesh,2317105,India,2020-04-19,-84.0,-40.0,-71.0,-39.0,18.0
Lucknow,Uttar Pradesh,2317105,India,2020-04-20,-83.0,-36.0,-71.0,-57.0,25.0
Lucknow,Uttar Pradesh,2317105,India,2020-04-21,-82.0,-35.0,-71.0,-58.0,24.0
Lucknow,Uttar Pradesh,2317105,India,2020-04-22,-83.0,-36.0,-71.0,-58.0,25.0
Lucknow,Uttar Pradesh,2317105,India,2020-04-23,-83.0,-36.0,-71.0,-58.0,25.0
Lucknow,Uttar Pradesh,2317105,India,2020-04-24,-83.0,-35.0,-71.0,-57.0,25.0
Lucknow,Uttar Pradesh,2317105,India,2020-04-25,-84.0,-39.0,-72.0,-55.0,25.0
Lucknow,Uttar Pradesh,2317105,India,2020-04-26,-84.0,-42.0,-72.0,-39.0,20.0
Lucknow,Uttar Pradesh,2317105,India,2020-04-27,-83.0,-37.0,-72.0,-57.0,26.0
Lucknow,Uttar Pradesh,2317105,India,2020-04-28,-82.0,-34.0,-70.0,-57.0,24.0
Lucknow,Uttar Pradesh,2317105,India,2020-04-29,-82.0,-35.0,-70.0,-57.0,25.0
Lucknow,Uttar Pradesh,2317105,India,2020-04-30,-82.0,-36.0,-70.0,-56.0,25.0
Lucknow,Uttar Pradesh,2317105,India,2020-05-01,-83.0,-37.0,-70.0,-56.0,24.0
Lucknow,Uttar Pradesh,2317105,India,2020-05-02,-82.0,-36.0,-70.0,-51.0,23.0
Lucknow,Uttar Pradesh,2317105,India,2020-05-03,-83.0,-38.0,-69.0,-36.0,18.0
Lucknow,Uttar Pradesh,2317105,India,2020-05-04,-79.0,-27.0,-67.0,-51.0,23.0
Lucknow,Uttar Pradesh,2317105,India,2020-05-05,-79.0,-27.0,-66.0,-51.0,22.0
Lucknow,Uttar Pradesh,2317105,India,2020-05-06,-78.0,-23.0,-64.0,-49.0,21.0
Lucknow,Uttar Pradesh,2317105,India,2020-05-07,-78.0,-24.0,-63.0,-52.0,22.0
Lucknow,Uttar Pradesh,2317105,India,2020-05-08,-76.0,-20.0,-61.0,-46.0,21.0
Lucknow,Uttar Pradesh,2317105,India,2020-05-09,-78.0,-24.0,-64.0,-46.0,21.0
Visakhapatnam[a][5],Andhra Pradesh,2035922,India,2020-02-15,-1.0,-1.0,5.0,4.0,0.0
Visakhapatnam[a][5],Andhra Pradesh,2035922,India,2020-02-16,-1.0,1.0,4.0,-1.0,1.0
Visakhapatnam[a][5],Andhra Pradesh,2035922,India,2020-02-17,-1.0,-1.0,3.0,6.0,0.0
Visakhapatnam[a][5],Andhra Pradesh,2035922,India,2020-02-18,-1.0,1.0,2.0,5.0,0.0
Visakhapatnam[a][5],Andhra Pradesh,2035922,India,2020-02-19,-2.0,0.0,0.0,4.0,0.0
Visakhapatnam[a][5],Andhra Pradesh,2035922,India,2020-02-20,0.0,5.0,6.0,4.0,0.0
Visakhapatnam[a][5],Andhra Pradesh,2035922,India,2020-02-21,-3.0,-6.0,0.0,-31.0,6.0
Visakhapatnam[a][5],Andhra Pradesh,2035922,India,2020-02-22,-3.0,-5.0,0.0,-9.0,2.0
Visakhapatnam[a][5],Andhra Pradesh,2035922,India,2020-02-23,-2.0,-3.0,1.0,0.0,2.0
Visakhapatnam[a][5],Andhra Pradesh,2035922,India,2020-02-24,0.0,-1.0,4.0,6.0,0.0
Visakhapatnam[a][5],Andhra Pradesh,2035922,India,2020-02-25,1.0,0.0,2.0,5.0,0.0
Visakhapatnam[a][5],Andhra Pradesh,2035922,India,2020-02-26,0.0,-2.0,2.0,2.0,-1.0
Visakhapatnam[a][5],Andhra Pradesh,2035922,India,2020-02-27,1.0,0.0,2.0,4.0,0.0
Visakhapatnam[a][5],Andhra Pradesh,2035922,India,2020-02-28,0.0,-2.0,1.0,5.0,1.0
Visakhapatnam[a][5],Andhra Pradesh,2035922,India,2020-02-29,-1.0,-1.0,1.0,9.0,1.0
Visakhapatnam[a][5],Andhra Pradesh,2035922,India,2020-03-01,1.0,3.0,3.0,4.0,1.0
Visakhapatnam[a][5],Andhra Pradesh,2035922,India,2020-03-02,0.0,1.0,1.0,9.0,1.0
Visakhapatnam[a][5],Andhra Pradesh,2035922,India,2020-03-03,0.0,2.0,0.0,7.0,0.0
Visakhapatnam[a][5],Andhra Pradesh,2035922,India,2020-03-04,0.0,5.0,0.0,6.0,0.0
Visakhapatnam[a][5],Andhra Pradesh,2035922,India,2020-03-05,0.0,5.0,0.0,5.0,1.0
Visakhapatnam[a][5],Andhra Pradesh,2035922,India,2020-03-06,0.0,4.0,0.0,7.0,2.0
Visakhapatnam[a][5],Andhra Pradesh,2035922,India,2020-03-07,-1.0,3.0,3.0,7.0,1.0
Visakhapatnam[a][5],Andhra Pradesh,2035922,India,2020-03-08,1.0,4.0,3.0,2.0,1.0
Visakhapatnam[a][5],Andhra Pradesh,2035922,India,2020-03-09,1.0,3.0,1.0,4.0,1.0
Visakhapatnam[a][5],Andhra Pradesh,2035922,India,2020-03-10,0.0,4.0,0.0,-1.0,1.0
Visakhapatnam[a][5],Andhra Pradesh,2035922,India,2020-03-11,-2.0,1.0,-1.0,2.0,-1.0
Visakhapatnam[a][5],Andhra Pradesh,2035922,India,2020-03-12,-1.0,1.0,-2.0,2.0,1.0
Visakhapatnam[a][5],Andhra Pradesh,2035922,India,2020-03-13,-4.0,-1.0,-2.0,3.0,1.0
Visakhapatnam[a][5],Andhra Pradesh,2035922,India,2020-03-14,-5.0,0.0,-3.0,-11.0,4.0
Visakhapatnam[a][5],Andhra Pradesh,2035922,India,2020-03-15,-6.0,-1.0,-2.0,0.0,2.0
Visakhapatnam[a][5],Andhra Pradesh,2035922,India,2020-03-16,-4.0,1.0,-2.0,5.0,2.0
Visakhapatnam[a][5],Andhra Pradesh,2035922,India,2020-03-17,-4.0,1.0,-4.0,2.0,2.0
Visakhapatnam[a][5],Andhra Pradesh,2035922,India,2020-03-18,-4.0,2.0,-3.0,0.0,1.0
Visakhapatnam[a][5],Andhra Pradesh,2035922,India,2020-03-19,-4.0,7.0,2.0,-8.0,2.0
Visakhapatnam[a][5],Andhra Pradesh,2035922,India,2020-03-20,-11.0,13.0,-6.0,-12.0,5.0
Visakhapatnam[a][5],Andhra Pradesh,2035922,India,2020-03-21,-16.0,21.0,-10.0,-14.0,6.0
Visakhapatnam[a][5],Andhra Pradesh,2035922,India,2020-03-22,-76.0,-76.0,-63.0,-45.0,23.0
Visakhapatnam[a][5],Andhra Pradesh,2035922,India,2020-03-23,-51.0,-13.0,-46.0,-36.0,17.0
Visakhapatnam[a][5],Andhra Pradesh,2035922,India,2020-03-24,-68.0,-45.0,-59.0,-54.0,23.0
Visakhapatnam[a][5],Andhra Pradesh,2035922,India,2020-03-25,-76.0,-60.0,-68.0,-67.0,29.0
Visakhapatnam[a][5],Andhra Pradesh,2035922,India,2020-03-26,-74.0,-56.0,-66.0,-60.0,28.0
Visakhapatnam[a][5],Andhra Pradesh,2035922,India,2020-03-27,-74.0,-56.0,-66.0,-59.0,29.0
Visakhapatnam[a][5],Andhra Pradesh,2035922,India,2020-03-28,-75.0,-57.0,-67.0,-58.0,30.0
Visakhapatnam[a][5],Andhra Pradesh,2035922,India,2020-03-29,-71.0,-54.0,-63.0,-37.0,21.0
Visakhapatnam[a][5],Andhra Pradesh,2035922,India,2020-03-30,-73.0,-59.0,-66.0,-56.0,28.0
Visakhapatnam[a][5],Andhra Pradesh,2035922,India,2020-03-31,-72.0,-56.0,-64.0,-55.0,25.0
Visakhapatnam[a][5],Andhra Pradesh,2035922,India,2020-04-01,-74.0,-58.0,-65.0,-57.0,26.0
Visakhapatnam[a][5],Andhra Pradesh,2035922,India,2020-04-02,-75.0,-61.0,-67.0,-60.0,29.0
Visakhapatnam[a][5],Andhra Pradesh,2035922,India,2020-04-03,-74.0,-60.0,-66.0,-56.0,28.0
Visakhapatnam[a][5],Andhra Pradesh,2035922,India,2020-04-04,-74.0,-61.0,-66.0,-52.0,27.0
Visakhapatnam[a][5],Andhra Pradesh,2035922,India,2020-04-05,-71.0,-57.0,-62.0,-32.0,20.0
Visakhapatnam[a][5],Andhra Pradesh,2035922,India,2020-04-06,-74.0,-60.0,-65.0,-54.0,28.0
Visakhapatnam[a][5],Andhra Pradesh,2035922,India,2020-04-07,-77.0,-48.0,-58.0,-56.0,26.0
Visakhapatnam[a][5],Andhra Pradesh,2035922,India,2020-04-08,-77.0,-48.0,-59.0,-55.0,26.0
Visakhapatnam[a][5],Andhra Pradesh,2035922,India,2020-04-09,-78.0,-50.0,-60.0,-56.0,28.0
Visakhapatnam[a][5],Andhra Pradesh,2035922,India,2020-04-10,-78.0,-50.0,-60.0,-60.0,30.0
Visakhapatnam[a][5],Andhra Pradesh,2035922,India,2020-04-11,-79.0,-51.0,-61.0,-57.0,30.0
Visakhapatnam[a][5],Andhra Pradesh,2035922,India,2020-04-12,-78.0,-53.0,-60.0,-36.0,22.0
Visakhapatnam[a][5],Andhra Pradesh,2035922,India,2020-04-13,-77.0,-51.0,-61.0,-53.0,28.0
Visakhapatnam[a][5],Andhra Pradesh,2035922,India,2020-04-14,-78.0,-50.0,-60.0,-58.0,27.0
Visakhapatnam[a][5],Andhra Pradesh,2035922,India,2020-04-15,-77.0,-46.0,-58.0,-52.0,26.0
Visakhapatnam[a][5],Andhra Pradesh,2035922,India,2020-04-16,-84.0,-39.0,-57.0,-54.0,27.0
Visakhapatnam[a][5],Andhra Pradesh,2035922,India,2020-04-17,-85.0,-40.0,-57.0,-53.0,28.0
Visakhapatnam[a][5],Andhra Pradesh,2035922,India,2020-04-18,-86.0,-45.0,-59.0,-51.0,28.0
Visakhapatnam[a][5],Andhra Pradesh,2035922,India,2020-04-19,-85.0,-46.0,-58.0,-33.0,21.0
Visakhapatnam[a][5],Andhra Pradesh,2035922,India,2020-04-20,-86.0,-47.0,-60.0,-51.0,28.0
Visakhapatnam[a][5],Andhra Pradesh,2035922,India,2020-04-21,-85.0,-44.0,-58.0,-52.0,26.0
Visakhapatnam[a][5],Andhra Pradesh,2035922,India,2020-04-22,-86.0,-45.0,-60.0,-53.0,27.0
Visakhapatnam[a][5],Andhra Pradesh,2035922,India,2020-04-23,-85.0,-44.0,-59.0,-53.0,28.0
Visakhapatnam[a][5],Andhra Pradesh,2035922,India,2020-04-24,-85.0,-43.0,-59.0,-52.0,29.0
Visakhapatnam[a][5],Andhra Pradesh,2035922,India,2020-04-25,-86.0,-46.0,-60.0,-52.0,29.0
Visakhapatnam[a][5],Andhra Pradesh,2035922,India,2020-04-26,-85.0,-46.0,-58.0,-32.0,22.0
Visakhapatnam[a][5],Andhra Pradesh,2035922,India,2020-04-27,-86.0,-48.0,-61.0,-51.0,29.0
Visakhapatnam[a][5],Andhra Pradesh,2035922,India,2020-04-28,-85.0,-44.0,-58.0,-51.0,25.0
Visakhapatnam[a][5],Andhra Pradesh,2035922,India,2020-04-29,-85.0,-43.0,-58.0,-51.0,26.0
Visakhapatnam[a][5],Andhra Pradesh,2035922,India,2020-04-30,-85.0,-42.0,-58.0,-50.0,28.0
Visakhapatnam[a][5],Andhra Pradesh,2035922,India,2020-05-01,-85.0,-42.0,-58.0,-54.0,29.0
Visakhapatnam[a][5],Andhra Pradesh,2035922,India,2020-05-02,-85.0,-42.0,-58.0,-47.0,27.0
Visakhapatnam[a][5],Andhra Pradesh,2035922,India,2020-05-03,-84.0,-42.0,-56.0,-28.0,21.0
Visakhapatnam[a][5],Andhra Pradesh,2035922,India,2020-05-04,-81.0,-35.0,-54.0,-44.0,25.0
Visakhapatnam[a][5],Andhra Pradesh,2035922,India,2020-05-05,-80.0,-32.0,-52.0,-45.0,24.0
Visakhapatnam[a][5],Andhra Pradesh,2035922,India,2020-05-06,-79.0,-28.0,-50.0,-43.0,24.0
Visakhapatnam[a][5],Andhra Pradesh,2035922,India,2020-05-07,-79.0,-28.0,-50.0,-43.0,24.0
Visakhapatnam[a][5],Andhra Pradesh,2035922,India,2020-05-08,-79.0,-27.0,-49.0,-42.0,25.0
Visakhapatnam[a][5],Andhra Pradesh,2035922,India,2020-05-09,-80.0,-29.0,-51.0,-44.0,26.0
